BodyUpperLarge,Body
BodyUpperNormal,Body
BodyUpperSmall,Body
BodyUpperXLarge,Body
BodyMarkingsSplattersForehead1,Forehead 1
BodyMarkingsSplattersForehead2,Forehead 2
BodyMarkingsSplattersForehead3,Forehead 3
BodyMarkingsSplattersFace1,Face 1
BodyMarkingsSplattersFace2,Face 2
BodyMarkingsSplattersFace3,Face 3
BodyMarkingsSplattersChest1,Chest 1
BodyMarkingsSplattersChest2,Chest 2
BodyMarkingsSplattersChest3,Chest 3
BodyMarkingsSplattersChest4,Chest 4
BodyMarkingsSplattersTummy1,Tummy 1
BodyMarkingsSplattersTummy2,Tummy 2
BodyMarkingsSplattersTummy3,Tummy 3
BodyMarkingsSplattersTummy4,Tummy 4
BodyMarkingsSplattersInternal1,Internal Mouth
BodyMarkingsSplattersInternal2,Internal Front
BodyMarkingsSplattersInternal3,Internal Back
BodyMarkingsSplattersNippleDrip,Nipple Drip
BraceletLaceBandsBands,Bands
BraceletLaceBandsLace,Lace
BraceletSpikeBandsBands,Bands
BraceletSpikeBandsSpikes,Spikes
BraceletWristbandRBand,Right band
BraceletWristbandLBand,Left band
BraceletWristWatchBand,Band
BraceletWristWatchFace,Face
BraceletWristWatchTrim,Trim
BraCuteBikini1Main,Main
BraCuteBikini1Sides,Sides
BraDominatrixLeotardBase,Leather
BraDominatrixLeotardBuckles,Buckles
BraFlowerBraBra,Bra
BraFlowerBraFlowers,Flowers
BraSportBraBra,Bra
BraSportBraDesign,Design
BraSportBraTrim,Trim
BraSportBraWaist,Waist
BraFullLatexBra2Bra,Bra
BraFullLatexBra2Shine,Shine
BraHaremBraFabric,Fabric
BraHaremBraJewel,Jewel
BraHaremBraStraps,Straps
BraMaidBra1Bra,Bra
BraMaidBra1Frills,Frills
BraSexyBikini1Main,Main
BraSexyBikini1Sides,Sides
BraLeatherVestSuitLeather,Leather
BraLeatherVestSuitSilk,Silk
BraStuddedHarnessHarness,Harness
BraStuddedHarnessMetal,Metal
BraOrnateMetalBraBra,Bra
BraOrnateMetalBraMetal,Metal
BraOrnateMetalBraShine,Shine
BraSatinCorsetUpper,Body
BraSatinCorsetUpperLaceEdge,Side Pattern
BraSatinCorsetUpperLace,Lace Bra
BraSatinCorsetUpperCrossStraps,Middle Lace
BraSatinCorsetUpperCenterLine,Lining  
BraMaidBraBra,Bra
BraMaidBraLace,Lace
BraBandageUpper_Body,Body
BraLeatherBunnyHollowBraRing,Rings
BraLeatherBunnyHollowBraBraReflection,Bra
BraLeatherBunnyHollowBraBra,Bra
BraLeatherBunnyHollowBraZipper,Zipper
BraLeatherBunnyHollowBraStomach,Stomach
BraLeatherBunnyHollowBraStomachReflection,Stomach
BraLeatherBunnyHollowBraBraStraps,Bra Straps
BraLeatherBunnyHollowBraBraStrapsReflection,Bra Straps
BraLeatherBunnyHollowBraLeatherBelt,Belt
BraLeatherBunnyHollowBraLeatherReflection,Belt
BraSportSwimsuitBase,Base
BraSportSwimsuitBackStripe1,Back Stripe
BraSportSwimsuitFrontStripe1,Front Stripe
ClothAccessoryBibBase,Bib
ClothAccessoryBibPacis,Pattern
ClothAccessoryBibText,Text
ClothAccessoryBibTrim,Trim
ClothAccessoryBouquetBase,Holder
ClothAccessoryBouquetFlowers,Flowers
ClothAccessoryBowAccessoryLeft1,Left
ClothAccessoryBowAccessoryLeft2,Left
ClothAccessoryBowAccessoryLeft3,Left
ClothAccessoryBowAccessoryLeft4,Left
ClothAccessoryBowAccessoryLeft5,Left
ClothAccessoryBowAccessoryRight1,Right
ClothAccessoryBowAccessoryRight2,Right
ClothAccessoryBowAccessoryRight3,Right
ClothAccessoryBowAccessoryRight4,Right
ClothAccessoryBowAccessoryRight5,Right
ClothAccessoryBowBeltBelt,Belt
ClothAccessoryBowBeltBow,Bow
ClothAccessoryBugLegsJoints,Joints
ClothAccessoryBugLegsLegs,Legs
ClothAccessoryBunnyCollarCuffsBow,Bow
ClothAccessoryBunnyCollarCuffsCollar,Collar
ClothAccessoryBunnyCollarCuffsCuffs,Cuffs
ClothAccessoryCapeBack,Back
ClothAccessoryCapeFront,Front
ClothAccessoryComboBeltBelt,Belt
ClothAccessoryComboBeltDetail,Metal details
ClothAccessoryComboBeltChain,Chain details
ClothAccessoryGlitterFreckles,Color One
ClothAccessoryGlitterFreckles2,Color Two
ClothAccessoryLargeBeltMain,Belt
ClothAccessoryLargeBeltBuckle1,Upper buckle
ClothAccessoryLargeBeltBuckle2,Lower buckle
ClothAccessoryLargeBeltBuckleMetal,Metal detail
ClothAccessoryLargeBeltClassicBelt,Belt
ClothAccessoryLargeBeltClassicBuckle1,Upper buckle
ClothAccessoryLargeBeltClassicBuckle2,Lower buckle
ClothAccessoryLargeBeltClassicBMetal,Metal detail
ClothAccessoryLargeNeckFurBack,Back
ClothAccessoryLargeNeckFurFront,Front
ClothAccessoryLargeNeckFurShoulders,Shoulders
ClothAccessoryLeatherBeltClothMain,Belt
ClothAccessoryLeatherBeltClothMetal,Buckle
ClothAccessoryRuffledCollarMain,Collar latex base
ClothAccessoryRuffledCollarRuffled1,Top ruffled detail
ClothAccessoryRuffledCollarRuffled2,Below ruffled detail
ClothAccessoryRuffledCollarButtons,Collar buttons
ClothAccessoryRuffledCollarChoker,Leather choker
ClothAccessoryRuffledCollarCButton,Choker button
ClothAccessorySpikyNeckFurBack,Back
ClothAccessorySpikyNeckFurFront,Front
ClothAccessorySpikyNeckFurShoulders,Shoulders
ClothAccessoryHoodedCloakCape,Cape
ClothAccessoryHoodedCloakLace,Lace
ClothAccessoryHoodedCloakCollar,Collar
ClothAccessoryHoodedCloakShoulder,Shoulder
ClothAccessorySideRufflesFrontLayer,Ruffles
ClothAccessoryVampiricCloakShawl,Shawl
ClothAccessoryVampiricCloakShawlBack,Cape
ClothAccessoryVampiricCloakButton,Button
ClothAccessoryWitchShawlBack,Back
ClothAccessoryWitchShawlLowerHalfBase,Lower
ClothAccessoryWitchShawlUpperHalfBase,Upper
ClothAccessoryWitchShawlLowerHalfPattern,Pattern
ClothAccessoryWitchShawlLowerHalfShadow,Lower 
ClothAccessoryWitchShawlUpperHalfShadow,Upper
ClothAccessoryWitchShawlRing,Ring
ClothAccessoryXmasShortShawlClothesLeft,Left
ClothAccessoryXmasShortShawlClothesRight,Right
ClothAccessoryXmasShortShawlVelvetLeft,Left
ClothAccessoryXmasShortShawlVelvetRight,Right
ClothAccessoryXmasLongShawlClothesLeft,Left
ClothAccessoryXmasLongShawlClothesRight,Right
ClothAccessoryXmasLongShawlVelvetLeft,Left
ClothAccessoryXmasLongShawlVelvetRight,Right
ClothAdmiralTopJacket,Jacket
ClothAdmiralTopJacket,Jacket
ClothAdmiralTopShirt,Shirt
ClothAdmiralTopTrim,Trim
ClothAdultBabyDress1Dress,Dress
ClothAdultBabyDress1Sash,Sash
ClothAdultBabyDress1Trim,Trim
ClothAdultBabyDress2Bow,Bow
ClothAdultBabyDress2Dress,Dress
ClothAdultBabyDress2Lace,Lace
ClothAdultBabyDress3Belt,Belt
ClothAdultBabyDress3Collar,Collar
ClothAdultBabyDress3Dress,Dress
ClothAllureSidecutA2,A2
ClothAllureSidecutBaseColor,Base Color
ClothAllureSidecutDetailGloss,Detail Gloss
ClothAllureSidecutDetailShadow,Detail Shadow
ClothAllureSidecutOutline,Outline
ClothAllureSidecutStrap,Strap
ClothAnimeGirlMain,Dress
ClothAnimeGirlSkirt,Skirt
ClothAnimeGirlBrooch,Brooch
ClothAnimeGirlDetail1,Ribbon Tie
ClothAnimeGirlDetail2,Cloth Collar
ClothAnimeGirlDetail3,Collar Detail
ClothAnimeGirlRibbon,Back Ribbon
ClothBabydollDress1Dress,Dress
ClothBabydollDress1Trim,Trim
ClothBodice1Base,Main
ClothBodice1Pattern,Pattern
ClothBodice1Trim,Trim
ClothBrocadeCloudsSnowEmbroideryQipaoButton,Button
ClothBrocadeCloudsSnowEmbroideryQipaoLiningSkirt,Lining Skirt
ClothBrocadeCloudsSnowEmbroideryQipaoLiningSkirtEdge,Lining Skirt Edge
ClothBrocadeCloudsSnowEmbroideryQipaoLiningSkirtShadow,Lining Skirt Shadow
ClothBrocadeCloudsSnowEmbroideryQipaoQipao,Qipao
ClothBrocadeCloudsSnowEmbroideryQipaoQipaoEdge,Qipao Edge
ClothBrocadeCloudsSnowEmbroideryQipaoQipaoPattern,Qipao Pattern
ClothBrocadeCloudsSnowEmbroideryQipaoQipaoShadow,Qipao Shadow
ClothBusinessSuitShirt,Shirt
ClothBusinessSuitSuit,Jacket
ClothBusinessSuitTie,Tie
ClothButtonShirtBottom,Lower Gradient
ClothButtonShirtButtons,Buttons
ClothButtonShirtTop,Upper Gradient
ClothCasualDroppedSuitbase,base
ClothCasualDroppedSuitplain,plain
ClothCasualDroppedSuitshadow,shadow
ClothCheerleaderTopBase,Top
ClothCheerleaderTopInnerstrips,Inner Trim
ClothCheerleaderTopStraps,Trim
ClothCheerleaderTopText,Text
ClothCheerleaderTopTextFill,Text Inner
ClothCheerleaderTopTextStroke,Text Outer
ClothChineseDress2Dress,Main
ClothChineseDress2Edges,Trim
ClothCollegeOutfit1Shirt,Shirt
ClothCollegeOutfit1Tie,Tie
ClothCorsetDressButtons,Buttons
ClothCorsetDressCloth,Cloth
ClothCorsetShirtCorset,Corset
ClothCorsetShirtShirt,Shirt
ClothCowClothes,Clothes
ClothCowEdge,Edge
ClothCrimsonCloudsInkRhymeQipaoDressCollarButton,Collar Button
ClothCrimsonCloudsInkRhymeQipaoDressHemKnot,Hem Knot
ClothCrimsonCloudsInkRhymeQipaoDressInner,Inner
ClothCrimsonCloudsInkRhymeQipaoDressMain1,Main
ClothCrimsonCloudsInkRhymeQipaoDressMain2,Main
ClothCrimsonCloudsInkRhymeQipaoDressMain3,Main
ClothCrimsonCloudsInkRhymeQipaoDressMain4,Main
ClothCrimsonCloudsInkRhymeQipaoDressMain5,Main
ClothCrimsonCloudsInkRhymeQipaoDressShadow,Shadow
ClothCrimsonCloudsInkRhymeQipaoDressShoulders1,Shoulders
ClothCrimsonCloudsInkRhymeQipaoDressShoulders2,Shoulders
ClothCrimsonCloudsInkRhymeQipaoDressShoulders3,Shoulders
ClothCrimsonCloudsInkRhymeQipaoDressSides1,Sides
ClothCrimsonCloudsInkRhymeQipaoDressSides2,Sides
ClothCrimsonCloudsInkRhymeQipaoDressSides3,Sides
ClothCrimsonCloudsInkRhymeQipaoDressSides4,Sides
ClothCrimsonCloudsInkRhymeQipaoDressUnderChest1,Under Chest
ClothCrimsonCloudsInkRhymeQipaoDressUnderChest2,Under Chest
ClothCrimsonCloudsInkRhymeQipaoDressUpperChest,Upper Chest
ClothCrimsonCloudsInkRhymeQipaoDressWaistString,Waist String
ClothCropTopBlouse,Top
ClothCropTopDesign,Design
ClothCrossStrapDressBeads,Beads
ClothCrossStrapDressBowLarge,Bow Large
ClothCrossStrapDressBowSmall,Bow Small
ClothCrossStrapDressDress,Dress
ClothCrossStrapDressRope,Rope
ClothCustomTShirtShirt,T-Shirt
ClothCustomTShirtNone,Stamp
ClothDressFurFabric,Dress
ClothDressFurFur,Fur
ClothEveningGownBack,Back
ClothEveningGownBottom,Bottom
ClothEveningGownSilk,Silk
ClothEveningGownTop,Top
ClothGardenDressBottomLace,Bottom Lace
ClothGardenDressBowknot,Bowknot
ClothGardenDressChest,Chest
ClothGardenDressDress,Dress
ClothGardenDressShoulderLace,Shoulder Lace
ClothLatexHobbleDressTop,Top
ClothLatexHobbleDressCorset,Corset
ClothLatexHobbleDressBuckles,Corset Buckles
ClothLatexHobbleDressSkirt,Skirt
ClothLatexHobbleDressBelt,Lower Belts
ClothLatexHobbleDressBBuckles,Lower Belt Buckles
ClothLatexHobbleDressCollar,Collar
ClothLatexHobbleDressCBuckle,Collar Buckle
ClothLittleFormalShirtButtons,Buttons
ClothLittleFormalShirtLShoulder,L. Shoulder
ClothLittleFormalShirtLWaist,L. Waist
ClothLittleFormalShirtRShoulder,R. Shoulder
ClothLittleFormalShirtRWaist,R. Waist
ClothLittleFormalShirtTie1,Tie
ClothLolitaShortDressChest1,Chest
ClothLolitaShortDressChest2,Chest
ClothLolitaShortDressChestStrap1,Chest Strap
ClothLolitaShortDressChestStrap2,Chest Strap
ClothLolitaShortDressCollar1,Collar
ClothLolitaShortDressCollar2,Collar
ClothLolitaShortDressCollarBase,Collar Base
ClothLolitaShortDressCollarPattern,Collar Pattern
ClothLolitaShortDressDress,Dress
ClothLolitaShortDressDressDetail,Dress Detail
ClothLolitaShortDressDressShadow,Dress Shadow
ClothLolitaShortDressEdgeA1,Edge A
ClothLolitaShortDressEdgeA2,Edge A
ClothLolitaShortDressEdgeA3,Edge A
ClothLolitaShortDressEdgeA4,Edge A
ClothLolitaShortDressEdgeB1,Edge B
ClothLolitaShortDressEdgeB2,Edge B
ClothLolitaShortDressEdgeB3,Edge B
ClothLolitaShortDressEdgeB4,Edge B
ClothLolitaShortDressEdgeC1,Edge C
ClothLolitaShortDressEdgeC2,Edge C
ClothLolitaShortDressRuffle,Ruffle
ClothLolitaShortDressRuffleShadow,Ruffle Shadow
ClothLolitaShortDressSideBow,Side Bow
ClothLolitaShortDressSideBowShadow,Side Bow Shadow
ClothLolitaShortDressStrap,Strap
ClothLolitaShortDressWaist1,Waist
ClothLolitaShortDressWaist2,Waist
ClothLowerBlackButterflySkirtLeft1,Left
ClothLowerBlackButterflySkirtLeft2,Left
ClothLowerBlackButterflySkirtLeft3,Left
ClothLowerBlackButterflySkirtLeft4,Left
ClothLowerBlackButterflySkirtRight1,Right
ClothLowerBlackButterflySkirtRight2,Right
ClothLowerBlackButterflySkirtRight3,Right
ClothLowerBlackButterflySkirtRight4,Right
ClothLowerHalfpleatedskirtChain,Chain
ClothLowerHalfpleatedskirtSkirt,Skirt
ClothLowerHalfpleatedskirtWhiteline,White line
ClothLowerLacePantsPants,Pants
ClothLowerLacePantsPattern,Pattern
ClothLowerShapewear2Bottom,Bottom
ClothLowerShapewear2BottomCenter,Bottom Center
ClothLowerShapewear2BottomLine,Bottom Line
ClothLowerShapewear2BottomPattern,Bottom Pattern
ClothLowerShapewear2Top,Top
ClothLowerShapewear2TopCenter,Top Center
ClothLowerShapewear2TopLine,Top Line
ClothLowerShapewear2TopPattern,Top Pattern
ClothLowerSideCutoutYogaPantsBase,Base
ClothLowerSideCutoutYogaPantsCrotchSeam,Crotch Seam
ClothLowerSideCutoutYogaPantsDarkTone,Dark Tone
ClothLowerSideCutoutYogaPantsDetailDarkTone,Detail Dark Tone
ClothLowerSideCutoutYogaPantsLeft2,Left
ClothLowerSideCutoutYogaPantsOutline,Outline
ClothLowerSideCutoutYogaPantsRight2,Right
ClothLowerSlitColumnSkirtBase,Base
ClothLowerSlitColumnSkirtBottomGloss,Bottom Gloss
ClothLowerSlitColumnSkirtBottomHighlight,Bottom Highlight
ClothLowerSlitColumnSkirtBottomSkirt,Bottom Skirt
ClothLowerSlitColumnSkirtBottomZipper,Bottom Zipper
ClothLowerSlitColumnSkirtTopGloss,Top Gloss
ClothLowerSlitColumnSkirtTopHighlight,Top Highlight
ClothLowerSlitColumnSkirtTopSkirt,Top Skirt
ClothLowerSlitColumnSkirtTopZipper,Top Zipper
ClothLowerSuspenderPantsLeft_A0,Left_A0
ClothLowerSuspenderPantsLeft_A1,Left_A1
ClothLowerSuspenderPantsLeft_B1,Left_B1
ClothLowerSuspenderPantsLeft_B2,Left_B2
ClothLowerSuspenderPantsLeft_C1,Left_C1
ClothLowerSuspenderPantsLeft_C2,Left_C2
ClothLowerSuspenderPantsLeft_C3,Left_C3
ClothLowerSuspenderPantsLeft_C4,Left_C4
ClothLowerSuspenderPantsRight_A0,Right_A0
ClothLowerSuspenderPantsRight_A1,Right_A1
ClothLowerSuspenderPantsRight_B1,Right_B1
ClothLowerSuspenderPantsRight_B2,Right_B2
ClothLowerSuspenderPantsRight_C1,Right_C1
ClothLowerSuspenderPantsRight_C2,Right_C2
ClothLowerSuspenderPantsRight_C3,Right_C3
ClothLowerSuspenderPantsRight_C4,Right_C4
ClothLowerWoolenHighWaistSkirtBottom,Bottom
ClothLowerWoolenHighWaistSkirtButtons,Buttons
ClothLowerWoolenHighWaistSkirtTop,Top
ClothMaidDress3ApronDarkPart,Apron Dark Part
ClothMaidDress3ApronTone,Apron Tone
ClothMaidDress3BackBow,Back Bow
ClothMaidDress3Buttons,Buttons
ClothMaidDress3LiningSkirt,Lining Skirt
ClothMaidDress3ShirtBrightPart,Shirt Bright Part
ClothMaidDress3ShirtCollar,Shirt Collar
ClothMaidDress3ShirtDarkPart,Shirt Dark Part
ClothMaidDress3ShirtTone,Shirt Tone
ClothMaidDress4Apron,Apron
ClothMaidDress4LiningSkirt,Lining Skirt
ClothMaidDress4Skirt,Skirt
ClothMaidDress4Top,Top
ClothMaidDress4Waist,Waist
ClothMaidDress4WaistRope,Waist Rope
ClothOuterLabCoatLeft2,Left
ClothOuterLabCoatLining,Back
ClothOuterLabCoatRight2,Right
ClothOuterLeatherJacketJacket,Jacket
ClothOuterLeatherJacketMetal,Metal
ClothOuterLeatherJacketShineJacket,Shine Jacket
ClothOuterLeatherJacketShineSleeves,Shine Sleeves
ClothOuterLeatherJacketSleeves,Sleeves
ClothOuterJacketHoodieMain,Main
ClothOuterJacketHoodiePocket,Pocket
ClothOuterJacketHoodieZipper,Zipper
ClothOuterJacketHoodieHips,Hips
ClothOuterJacketHoodieSleeves,Sleeve
ClothOuterJacketHoodieWrist,Wrist
ClothOuterJacketHoodieHoodDownBack,Hood
ClothOuterWoolCoatBelt,Belt
ClothOuterWoolCoatBuckle,Buckle
ClothOuterWoolCoatButtons,Buttons
ClothOuterWoolCoatCoat,Coat
ClothOuterWoolCoatCollar,Collar
ClothRibbonCorsetCorset,Corset
ClothRibbonCorsetRivets,Rivets
ClothRibbonCorsetRibbon,Ribbon
ClothRuffledDressSleeveRight,Right Sleeve
ClothRuffledDressSleeveLeft,Left Sleeve
ClothRuffledDressSleeve,Sleeves
ClothRuffledDressBelt,Belt
ClothRuffledDressBodice,Bodice
ClothRuffledDressBow,Bow
ClothRuffledDressHem,Upper Hem
ClothRuffledDressHem2,Lower Hem
ClothRuffledDressCorsetLacing,Corset Lacing
ClothRuffledDressCorsetCenter,Corset Center
ClothRuffledDressCorsetLeft,Corset Left
ClothRuffledDressCorsetRight,Corset Right
ClothRuffledDressLaceTrim,Lace Trim
ClothRuffledDressSkirt,Skirt
ClothStarryOceanEveningGown1,Fabric
ClothStarryOceanEveningGown2,Crown
ClothStarryOceanEveningGown3,Top Laces
ClothStarryOceanEveningGown4,Bottom Laces
ClothStarryOceanEveningGownI0,Front
ClothStarryOceanEveningGownI1,Back
ClothXmas2025A1,Interior
ClothXmas2025A2,Border
ClothXmas2025B1,Fabric
ClothXmas2025B2,Tint
ClothXmas2025Button,Button
ClothXmas2025C1,Fabric
ClothXmas2025C2,Tint
ClothXmas2025D1,Corset Inner
ClothXmas2025D2,Corset Outer
ClothXmas2025E1,Dress Inner
ClothXmas2025E2,Dress Outer
ClothXmas2025F1,Top
ClothXmas2025F2,Right
ClothXmas2025F3,Left
ClothYuletideVelvetWarmthBow,Bow
ClothYuletideVelvetWarmthShawl,Shawl
ClothYuletideVelvetWarmthShawlFur,Shawl Fur
ClothYuletideVelvetWarmthFur,Fur
ClothYuletideVelvetWarmthBands,Bands
ClothYuletideVelvetWarmthFabric,Fabric
ClothYuletideVelvetWarmthBase,Base
ClothNunRobesCloth,Cloth
ClothNunRobesBand,Band
ClothNunRobesShawl,Shawl
ClothNunRobesBack,Back
ClothNunRobesInterior,Interior
ClothOffTheShoulderTopLeft,Left
ClothOffTheShoulderTopRight,Right
ClothFishnetTop,Fishnet Top
ClothFrilledShirtBase,Latex
ClothFrilledShirtFrill,Frills
ClothFuzzyDressDress,Dress
ClothFuzzyDressTopFur,Fur
ClothGrandMageBackSkirt,Inside Skirt
ClothGrandMageBase,Main Dress
ClothGrandMageBelt,Belts
ClothGrandMageBuckle,Buckle
ClothGrandMageTrim,Dress Trim
ClothHeavyLeatherDressButtons,Corset Buttons
ClothHeavyLeatherDressCorset,Corset
ClothHeavyLeatherDressTop,Dress
ClothHoodieHoodDownBack,Hood Inner
ClothHoodieHoodDownTrim,Hood Trim
ClothHoodieHoodUpFront,Hood Outer
ClothHoodieLaces,Laces
ClothHoodieMain,Main
ClothHoodieWaist,Waist and Wrists
ClothJacketBase,Jacket
ClothLatexTankTopBase,Tank Top
ClothLatexTankTopCollar,Collar
ClothLatexTankTopHoodDown,Loose Hood
ClothLatexTankTopHoodFull,Pulled Hood
ClothLatexTankTopHoodHigh,Hoodie Up
ClothLatexTankTopHoodLow,Hoodie Down
ClothLaurelBase,Top
ClothLaurelDesign,Design
ClothLaurelLace,Lace
ClothLowerAdmiralSkirtCloth,Skirt
ClothLowerAdmiralSkirtStripe,Trim
ClothLowerBaggyJeansPants,Pants
ClothLowerBaggyJeansPantsInner,Pants Inner
ClothLowerBaggyJeansButton,Button
ClothLowerBondageSkirtFrill,Frill
ClothLowerBondageSkirtSkirt,Skirt
ClothLowerBondageSkirtStraps,Straps
ClothLowerBusinessSkirt,Skirt
ClothLowerBusinessTrousersZipped,Pants Zipped
ClothLowerBusinessTrousersUnzipped,Pants Unzipped
ClothLowerBusinessTrousersDown,Pants Down
ClothLowerCheerleaderSkirtBase,Skirt
ClothLowerCheerleaderSkirtInnerstrips,Inner Trim
ClothLowerCheerleaderSkirtStraps,Trim
ClothLowerGymShortsPants,Pants
ClothLowerGymShortsTrim,Trim
ClothLowerGymShortsWaist,Waist
ClothLowerGymShortsLace,Lace
ClothLowerRuffledMiniskirtBase,Skirt
ClothLowerRuffledMiniskirtUpper,Frill
ClothLowerRuffledMiniskirtWaist,Waist
ClothLowerCrossSkirtBase,Base
ClothLowerCrossSkirtBelt,Belt
ClothLowerCrossSkirtCross,Crosses
ClothLowerCrossSkirtLightBase,Base
ClothLowerCrossSkirtLightBelt,Belt
ClothLowerCrossSkirtLightCross,Crosses
ClothLowerCrossSkirtLightMetal,Metal
ClothLowerCrossSkirtMetal,Metal
ClothLowerElegantSkirtDesign,Design
ClothLowerElegantSkirtDesignV2,DesignV2
ClothLowerElegantSkirtSkirt,Skirt
ClothLowerElegantSkirtSkirtV2,SkirtV2
ClothLowerHaremPants2Buttons,Buttons
ClothLowerHaremPants2Fabric,Fabric
ClothLowerHaremPants2Panty,Panty
ClothLowerHaremPants2PantyLine,Panty Line
ClothLowerHaremPants2Veil,Veil
ClothLowerHaremPantsPanty,Panty
ClothLowerHaremPantsPantyline,Panty Line
ClothLowerHaremPantsVeil,Veil
ClothLowerHulaSkirtBackLeaves,Leaves
ClothLowerHulaSkirtFlowers,Flowers
ClothLowerHulaSkirtPollen,Pollen
ClothLowerLeggings1Cloth,Cloth
ClothLowerLeggings1Stripe,Stripe
ClothLowerLeggings2Cloth,Cloth
ClothLowerLeggings2Stripe,Stripe
ClothLowerMageSkirtSkirt,Skirt
ClothLowerMageSkirtWaist,Waistband
ClothLowerMiniDenimHotPantsPants,Pants
ClothLowerMiniDenimHotPantsShadow,Shadow
ClothLowerOpenLeatherSkirtBottom,Skirt
ClothLowerOpenLeatherSkirtReflective,Shine
ClothLowerPajama1Cloth,Pants
ClothLowerPajama1Stripe,Trim
ClothLowerPantBootsBase,Latex
ClothLowerPantBootsBoot,Boot
ClothLowerPantBootsStripe,Stripe
ClothLowerPleatedSkirtDress,Skirt
ClothLowerPleatedSkirtStripe,Waistband
ClothLowerPVCHobbleSkirtSkirt,Skirt
ClothLowerPVCHobbleSkirtMermaid,Mermaid detail
ClothLowerSkirt2Color,Skirt
ClothLowerSkirt2Stripe,Trim
ClothLowerSkirt3Color,Skirt
ClothLowerSkirt3Stripe,Trim
ClothLowerTennisSkirt1Color,Cloth
ClothLowerTennisSkirt1Stripe,Trim
ClothLowerTulleSkirtDress,Skirt
ClothLowerTulleSkirtStripe,Waistband
ClothLowerTutuBelt,Belt
ClothLowerTutuLayer1,Layer 1
ClothLowerTutuLayer2,Layer 2
ClothLowerTutuLayer3,Layer 3
ClothLowerTutuLayer4,Layer 4
ClothLowerUtilityKiltFrontButtons,Front Buttons
ClothLowerUtilityKiltBeltloops,Belt Loops
ClothLowerUtilityKiltDRings,D Rings
ClothLowerUtilityKiltWaistbeltMetal,Waist Belt Details
ClothLowerUtilityKiltWaistbelt,Waist Belt
ClothLowerUtilityKiltSnaps,Snaps
ClothLowerUtilityKiltWaist,Waist
ClothLowerUtilityKiltSideBeltMetal,Side Belt Details
ClothLowerUtilityKiltSidebelts,Side Belts
ClothLowerUtilityKiltFront,Front Panel
ClothLowerUtilityKiltLeftPanel,Left Panel
ClothLowerUtilityKiltRightPanel,Right Panel
ClothLowerYogaPantsWaist,Waist
ClothLowerYogaPantsLeggings,Leggings
ClothMaidLatexApron,Apron
ClothMaidLatexDress,Dress
ClothMaidLatexTie,Tie
ClothMaidOutfit1Apron,Apron
ClothMaidOutfit1Dress,Dress
ClothMaidOutfit1Frills,Frills
ClothMaidOutfit2Apron,Apron
ClothMaidOutfit2Dress,Dress
ClothMaidOutfit2Frills,Frills
ClothMeshTopTop,Top
ClothMeshTopSleeves,Sleeves
ClothNurseUniformBase,Main
ClothNurseUniformButtons,Buttons
ClothNurseUniformTrim,Detail Trim
ClothNurseUniformTrim2,Edge Trim
ClothRetroGirdleBase,Dress
ClothRetroGirdleDesign,Design
ClothRetroGirdleLace,Lace
ClothReverseBunnySuitOpaqueGloves,Gloves
ClothReverseBunnySuitSuit,Suit
ClothSeethroughTopDesign,Design
ClothSeethroughTopLace,Lace
ClothSlaveRagsBase,Base
ClothSlaveRagsBaseStains,Stains
ClothSlaveRagsChains,Chains
ClothSlaveRagsRope,Rope
ClothStudentOutfit1Bow,Bow
ClothStudentOutfit1Buckle,Buckle
ClothStudentOutfit1Dress,Dress
ClothStudentOutfit1Shirt,Shirt
ClothStudentOutfit3Color,Trim
ClothStudentOutfit3White,Shirt
ClothSummerDressBase,Dress
ClothSummerDressLayer1,Chest
ClothSummerDressLayer2,Buttons
ClothSummerDressLayer3,Arm Puffs
ClothSummerDressLayer4,Trim
ClothTShirt2Print,Print
ClothTShirt2Shirt,Shirt
ClothCocktailDressFront,Dress
ClothCocktailDressRing,Ring
ClothMaidBikiniFrills,Frills
ClothMaidBikiniButtons,Buttons
ClothMaidBikiniStraps,Straps
CorsetClassicLatexCorsetBelt,Belt
CorsetClassicLatexCorsetBuckles,Buckles
CorsetClassicLatexCorsetCorset,Corset
CorsetCorset6Buttons,Buttons
CorsetCorset6Cloth,Cloth
CorsetCorset6Leather,Leather
CorsetCorsetDressButtons,Buttons
CorsetCorsetDressCloth,Cloth
CorsetTightCorsetCorset,Corset
CorsetTightCorsetButtons,Buttons
EyebrowsEyebrows2EyebrowBarRight,Piercings
EyebrowsEyebrows2Main,Eyebrow
Eyes2Eyes141,Eyeball
Eyes2Eyes142,Retina
Eyes2Eyes143,Eyepupil
Eyes2Eyes144,Shadow
Eyes2Eyes145,Shine
Eyes2Eyes146,Eyelids
EyesEyes141,Eyeball
EyesEyes142,Retina
EyesEyes143,Eyepupil
EyesEyes144,Shadow
EyesEyes145,Shine
EyesEyes146,Eyelids
Eyes2Eyes151,Eyeball
Eyes2Eyes152,Retina
Eyes2Eyes153,Eyepupil
Eyes2Eyes154,Shadow
Eyes2Eyes155,Shine
Eyes2Eyes156,Eyelids
EyesEyes151,Eyeball
EyesEyes152,Retina
EyesEyes153,Eyepupil
EyesEyes154,Shadow
EyesEyes155,Shine
EyesEyes156,Eyelids
EyeShadowWingsLine,Eyeliner
EyeShadowWingsShad,Eyeshadow
GartersButterflyGarterGarterR,Right leg garter
GartersButterflyGarterGarterL,Left leg garter
GartersGarterBeltLeft,Left
GartersGarterBeltRight,Right
GartersGarterBeltLeft,Left
GartersGarterBeltRight,Right
GartersLaceLegRingLeftLegBow,Left Leg Bow
GartersLaceLegRingLeftLegLace,Left Leg Lace
GartersLaceLegRingLeftLegRing,Left Leg Ring
GartersLaceLegRingLeftLegShadow,Left Leg Shadow
GartersLaceLegRingRightLegBow,Right Leg Bow
GartersLaceLegRingRightLegLace,Right Leg Lace
GartersLaceLegRingRightLegRing,Right Leg Ring
GartersLaceLegRingRightLegShadow,Right Leg Shadow
GlassesGogglesBase,Goggles
GlassesGogglesGlass,Lenses
GlassesGogglesStrap,Strap
GlassesGradientSunglassesFrame,Frame
GlassesGradientSunglassesGlass,Glass
GlassesJokeGlassesGlasses,Glasses
GlassesJokeGlassesHair,Hair
GlassesJokeGlassesNose,Nose
GlassesPincenezFrame,Frame
GlassesPincenezRightLens,Right lens
GlassesPincenezLeftLens,Left lens
GlassesPincenezAcc,Accessory
GlassesMonocleLeft,Left
GlassesMonocleRight,Right
GlassesRoundSunglassesFrame,Frame
GlassesRoundSunglassesRightLens,Right lens
GlassesRoundSunglassesLeftLens,Left lens
GlassesRoundSunglassesNose,Nose
GlassesShutterSunshadesMain,Frame
GlassesShutterSunshadesRLens,Right lens
GlassesShutterSunshadesLLens,Left lens
GlassesStreetEyewearFrame,Frame
GlassesStreetEyewearRightLens,Right lens
GlassesStreetEyewearLeftLens,Left lens
GlassesVGlassesFrame,Frame
GlassesVGlassesGlass,Lenses
GlassesVintageSunglassesMain,Frame
GlassesVintageSunglassesNose,Nose
GlassesVintageSunglassesRLens,Right lens
GlassesVintageSunglassesLLens,Left lens
GlovesAnimeGirlGlovesGloves,Gloves
GlovesAnimeGirlGlovesDetail,Elbow Stripe
GlovesBikerGlovesHands,Gloves
GlovesBikerGlovesStraps,Straps
GlovesGlovesFurFabric,Glove
GlovesGlovesFurFur,Fur
GlovesHaremGloveBands,Bands
GlovesHaremGloveFabric,Fabric
GlovesLatexShortGloves,Glove
GlovesWarmGlovesMain,Gloves
GlovesWarmGlovesFur,Fur
HairAccessory1AntennaA1,A1
HairAccessory1AntennaA2,A2
HairAccessory1AntennaA3,A3
HairAccessory1AntennaA4,A4
HairAccessory1AntennaA5,A5
HairAccessory1AntennaB1,B1
HairAccessory1AntennaB2,B2
HairAccessory1AntennaB3,B3
HairAccessory1AntennaB4,B4
HairAccessory1AntennaB5,B5
HairAccessory1BigLynxEarsInner,Inner Ear
HairAccessory1BigLynxEarsLine,Line
HairAccessory1BigLynxEarsOuter,Outer Ear
HairAccessory1BigLynxEarsTuft,Tuft
HairAccessory1BlackCatEarsMirrorInner,Inner
HairAccessory1BlackCatEarsMirrorInnerShort,InnerShort
HairAccessory1BlackCatEarsMirrorOuter,Outer
HairAccessory1BlackCatEarsMirrorOuterShort,OuterShort
HairAccessory1BunnyEars2Inner,Inner
HairAccessory1BunnyEars2Outer,Outer
HairAccessory1CowEarsEars,Ears
HairAccessory1CowEarsHorn,Horns
HairAccessory1EarWarmerMain,Fur
HairAccessory1EarWarmerDetail,Headband
HairAccessory1FoxEars2Inner,Inner Ear
HairAccessory1FoxEars2Outer,Outer Ear
HairAccessory1FoxEars3Bell,Bell
HairAccessory1FoxEars3EarInner,Inner Ear
HairAccessory1FoxEars3EarOuter,Outer Ear
HairAccessory1FoxEars3Strap,Strap
HairAccessory1HaloBase,Body
HairAccessory1HaloCore,Core
HairAccessory1HaloGlow,Glow
HairAccessory1Headset1Main,Headset
HairAccessory1Headset1Mic,Mic
HairAccessory1Headset1Stem,Stem
HairAccessory1KittenEars1Inner,Inner Ear
HairAccessory1KittenEars1Outer,Outer Ear
HairAccessory1Ribbons1Left,Left
HairAccessory1Ribbons1Right,Right
HairAccessory1Ribbons4Left,Left
HairAccessory1Ribbons4Right,Right
HairAccessory1CyberEarsEars,Ears
HairAccessory1CyberEarsBands,Bands
HairAccessory1CyberEarsLights,Lights
HairAccessory1CyberEarsShine,Shine
HairAccessory1CyberEarsTop,Top
HairAccessory1CyberneticEars1Outside,Outside
HairAccessory1CyberneticEars1Inner,Inner
HairAccessory1CyberneticEars1Light,Light
HairAccessory1OnihornsShortLeftBase,Left Base
HairAccessory1OnihornsShortRightBase,Right Base
HairAccessory1OnihornsShortLeftTip,Left Tip
HairAccessory1OnihornsShortRightTip,Right Tip
HairAccessory1SkunkEarsInner,Inner Ears
HairAccessory1SkunkEarsOuter,Outer Ears
HairAccessory1AquaticEarsInner,Inner Webbing
HairAccessory1AquaticEarsOuter,Edge
HairAccessory1FloppyBunnyEarsBack,Back
HairAccessory1FloppyBunnyEarsInner,Inner
HairAccessory1FloppyBunnyEarsTip,Tip
HairAccessory1FloppyBunnyEarsFront,Front
HairAccessory1FloppyBunnyEarsShadow,Shadow
HairAccessory1CustomizableFluffyEars1Inner,Inner
HairAccessory1CustomizableFluffyEars1Base,Base
HairAccessory1CustomizableFluffyEars1Tips,Tips
HairAccessory1CustomizableFluffyEars1Fluff,Fluff
HairAccessory1CustomizableFluffyEars1Stud1Left,Stud1 Left
HairAccessory1CustomizableFluffyEars1Stud2Left,Stud2 Left
HairAccessory1CustomizableFluffyEars1Stud3Left,Stud3 Left
HairAccessory1CustomizableFluffyEars1Stud4Left,Stud4 Left
HairAccessory1CustomizableFluffyEars1Stud1Right,Stud1 Right
HairAccessory1CustomizableFluffyEars1Stud2Right,Stud2 Right
HairAccessory1CustomizableFluffyEars1Stud3Right,Stud3 Right
HairAccessory1CustomizableFluffyEars1Stud4Right,Stud4 Right
HairAccessory1CustomizableFluffyEars1SmallRingBotLeft,SmallRing1 Left
HairAccessory1CustomizableFluffyEars1SmallRingMidLeft,SmallRing2 Left
HairAccessory1CustomizableFluffyEars1SmallRingTopLeft,SmallRing3 Left
HairAccessory1CustomizableFluffyEars1SmallRingTipLeft,SmallRing4 Left
HairAccessory1CustomizableFluffyEars1SmallRingBotRight,SmallRing1 Right
HairAccessory1CustomizableFluffyEars1SmallRingMidRight,SmallRing2 Right
HairAccessory1CustomizableFluffyEars1SmallRingTopRight,SmallRing3 Right
HairAccessory1CustomizableFluffyEars1SmallRingTipRight,SmallRing4 Right
HairAccessory1CustomizableFluffyEars1BarLeft,Bar Left
HairAccessory1CustomizableFluffyEars1BarRight,Bar Right
HairAccessory1CustomizableFluffyEars1BellsLeft,Bells Left
HairAccessory1CustomizableFluffyEars1BellsRight,Bells Right
HairAccessory1CustomizableFluffyEars1TagLeft,Tag Left
HairAccessory1CustomizableFluffyEars1TagRight,Tag Right
HairAccessory1CustomizableFluffyEars1BigRing1Left,BigRing1 Left
HairAccessory1CustomizableFluffyEars1BigRing1Right,BigRing1 Right
HairAccessory1CustomizableFluffyEars1BigRing2Left,BigRing2 Left
HairAccessory1CustomizableFluffyEars1BigRing2Right,BigRing2 Right
HairAccessory1CustomizableFluffyEars3Inner,Inner
HairAccessory1CustomizableFluffyEars3Base,Base
HairAccessory1CustomizableFluffyEars3Tips,Tips
HairAccessory1CustomizableFluffyEars3Fur,Fluff
HairAccessory1CustomizableFluffyEars3Stud1Left,Stud1 Left
HairAccessory1CustomizableFluffyEars3Stud2Left,Stud2 Left
HairAccessory1CustomizableFluffyEars3Stud3Left,Stud3 Left
HairAccessory1CustomizableFluffyEars3Stud4Left,Stud4 Left
HairAccessory1CustomizableFluffyEars3Stud1Right,Stud1 Right
HairAccessory1CustomizableFluffyEars3Stud2Right,Stud2 Right
HairAccessory1CustomizableFluffyEars3Stud3Right,Stud3 Right
HairAccessory1CustomizableFluffyEars3Stud4Right,Stud4 Right
HairAccessory1CustomizableFluffyEars3SmallRingBotLeft,SmallRing1 Left
HairAccessory1CustomizableFluffyEars3SmallRingMidLeft,SmallRing2 Left
HairAccessory1CustomizableFluffyEars3SmallRingTopLeft,SmallRing3 Left
HairAccessory1CustomizableFluffyEars3SmallRingTipLeft,SmallRing4 Left
HairAccessory1CustomizableFluffyEars3SmallRingBotRight,SmallRing1 Right
HairAccessory1CustomizableFluffyEars3SmallRingMidRight,SmallRing2 Right
HairAccessory1CustomizableFluffyEars3SmallRingTopRight,SmallRing3 Right
HairAccessory1CustomizableFluffyEars3SmallRingTipRight,SmallRing4 Right
HairAccessory1CustomizableFluffyEars3BarLeft,Bar Left
HairAccessory1CustomizableFluffyEars3BarRight,Bar Right
HairAccessory1CustomizableFluffyEars3BellsLeft,Bells Left
HairAccessory1CustomizableFluffyEars3BellsRight,Bells Right
HairAccessory1CustomizableFluffyEars3TagLeft,Tag Left
HairAccessory1CustomizableFluffyEars3TagRight,Tag Right
HairAccessory1CustomizableFluffyEars3BigRing1Left,BigRing1 Left
HairAccessory1CustomizableFluffyEars3BigRing1Right,BigRing1 Right
HairAccessory1CustomizableFluffyEars3BigRing2Left,BigRing2 Left
HairAccessory1CustomizableFluffyEars3BigRing2Right,BigRing2 Right
HairAccessory1CustomizableFluffyEars2Inner,Inner
HairAccessory1CustomizableFluffyEars2Outer,Base
HairAccessory1CustomizableFluffyEars2Tips,Tips
HairAccessory1CustomizableFluffyEars2Fluff,Fluff
HairAccessory1CustomizableFluffyEars2Stud1Left,Stud1 Left
HairAccessory1CustomizableFluffyEars2Stud2Left,Stud2 Left
HairAccessory1CustomizableFluffyEars2Stud3Left,Stud3 Left
HairAccessory1CustomizableFluffyEars2Stud4Left,Stud4 Left
HairAccessory1CustomizableFluffyEars2Stud1Right,Stud1 Right
HairAccessory1CustomizableFluffyEars2Stud2Right,Stud2 Right
HairAccessory1CustomizableFluffyEars2Stud3Right,Stud3 Right
HairAccessory1CustomizableFluffyEars2Stud4Right,Stud4 Right
HairAccessory1CustomizableFluffyEars2SmallRingBotLeft,SmallRing1 Left
HairAccessory1CustomizableFluffyEars2SmallRingMidLeft,SmallRing2 Left
HairAccessory1CustomizableFluffyEars2SmallRingTopLeft,SmallRing3 Left
HairAccessory1CustomizableFluffyEars2SmallRingTipLeft,SmallRing4 Left
HairAccessory1CustomizableFluffyEars2SmallRingBotRight,SmallRing1 Right
HairAccessory1CustomizableFluffyEars2SmallRingMidRight,SmallRing2 Right
HairAccessory1CustomizableFluffyEars2SmallRingTopRight,SmallRing3 Right
HairAccessory1CustomizableFluffyEars2SmallRingTipRight,SmallRing4 Right
HairAccessory1CustomizableFluffyEars2BarLeft,Bar Left
HairAccessory1CustomizableFluffyEars2BarRight,Bar Right
HairAccessory1CustomizableFluffyEars2BellsLeft,Bells Left
HairAccessory1CustomizableFluffyEars2BellsRight,Bells Right
HairAccessory1CustomizableFluffyEars2TagLeft,Tag Left
HairAccessory1CustomizableFluffyEars2TagRight,Tag Right
HairAccessory1CustomizableFluffyEars2BigRing1Left,BigRing1 Left
HairAccessory1CustomizableFluffyEars2BigRing1Right,BigRing1 Right
HairAccessory1CustomizableFluffyEars2BigRing2Left,BigRing2 Left
HairAccessory1CustomizableFluffyEars2BigRing2Right,BigRing2 Right
HairAccessory1CustomizableCatEarsInner,Inner
HairAccessory1CustomizableCatEarsOuter,Base
HairAccessory1CustomizableCatEarsFluff,Fluff
HairAccessory1CustomizableCatEarsStud1Left,Stud1 Left
HairAccessory1CustomizableCatEarsStud2Left,Stud2 Left
HairAccessory1CustomizableCatEarsStud3Left,Stud3 Left
HairAccessory1CustomizableCatEarsStud4Left,Stud4 Left
HairAccessory1CustomizableCatEarsStud1Right,Stud1 Right
HairAccessory1CustomizableCatEarsStud2Right,Stud2 Right
HairAccessory1CustomizableCatEarsStud3Right,Stud3 Right
HairAccessory1CustomizableCatEarsStud4Right,Stud4 Right
HairAccessory1CustomizableCatEarsSmallRingBotLeft,SmallRing1 Left
HairAccessory1CustomizableCatEarsSmallRingMidLeft,SmallRing2 Left
HairAccessory1CustomizableCatEarsSmallRingTopLeft,SmallRing3 Left
HairAccessory1CustomizableCatEarsSmallRingTipLeft,SmallRing4 Left
HairAccessory1CustomizableCatEarsSmallRingBotRight,SmallRing1 Right
HairAccessory1CustomizableCatEarsSmallRingMidRight,SmallRing2 Right
HairAccessory1CustomizableCatEarsSmallRingTopRight,SmallRing3 Right
HairAccessory1CustomizableCatEarsSmallRingTipRight,SmallRing4 Right
HairAccessory1CustomizableCatEarsBarLeft,Bar Left
HairAccessory1CustomizableCatEarsBarRight,Bar Right
HairAccessory1CustomizableCatEarsBellsLeft,Bells Left
HairAccessory1CustomizableCatEarsBellsRight,Bells Right
HairAccessory1CustomizableCatEarsTagLeft,Tag Left
HairAccessory1CustomizableCatEarsTagRight,Tag Right
HairAccessory1CustomizableCatEarsBigRing1Left,BigRing1 Left
HairAccessory1CustomizableCatEarsBigRing1Right,BigRing1 Right
HairAccessory1CustomizableCatEarsBigRing2Left,BigRing2 Left
HairAccessory1CustomizableCatEarsBigRing2Right,BigRing2 Right
HairAccessory1CustomizableElfEarsBase,Base
HairAccessory1CustomizableElfEarsStud1Left,Stud1 Left
HairAccessory1CustomizableElfEarsStud2Left,Stud2 Left
HairAccessory1CustomizableElfEarsStud3Left,Stud3 Left
HairAccessory1CustomizableElfEarsStud4Left,Stud4 Left
HairAccessory1CustomizableElfEarsStud1Right,Stud1 Right
HairAccessory1CustomizableElfEarsStud2Right,Stud2 Right
HairAccessory1CustomizableElfEarsStud3Right,Stud3 Right
HairAccessory1CustomizableElfEarsStud4Right,Stud4 Right
HairAccessory1CustomizableElfEarsSmallRingBotLeft,SmallRing1 Left
HairAccessory1CustomizableElfEarsSmallRingMidLeft,SmallRing2 Left
HairAccessory1CustomizableElfEarsSmallRingTopLeft,SmallRing3 Left
HairAccessory1CustomizableElfEarsSmallRingTipLeft,SmallRing4 Left
HairAccessory1CustomizableElfEarsSmallRingBotRight,SmallRing1 Right
HairAccessory1CustomizableElfEarsSmallRingMidRight,SmallRing2 Right
HairAccessory1CustomizableElfEarsSmallRingTopRight,SmallRing3 Right
HairAccessory1CustomizableElfEarsSmallRingTipRight,SmallRing4 Right
HairAccessory1CustomizableElfEarsBarLeft,Bar Left
HairAccessory1CustomizableElfEarsBarRight,Bar Right
HairAccessory1CustomizableElfEarsBellsLeft,Bells Left
HairAccessory1CustomizableElfEarsBellsRight,Bells Right
HairAccessory1CustomizableElfEarsTagLeft,Tag Left
HairAccessory1CustomizableElfEarsTagRight,Tag Right
HairAccessory1CustomizableElfEarsBigRing1Left,BigRing1 Left
HairAccessory1CustomizableElfEarsBigRing1Right,BigRing1 Right
HairAccessory1CustomizableElfEarsBigRing2Left,BigRing2 Left
HairAccessory1CustomizableElfEarsBigRing2Right,BigRing2 Right
HairAccessory1CustomizableCowEarsBase,Base
HairAccessory1CustomizableCowEarsInner,Inner
HairAccessory1CustomizableCowEarsPattern,Pattern
HairAccessory1CustomizableCowEarsStud1Left,Stud1 Left
HairAccessory1CustomizableCowEarsStud2Left,Stud2 Left
HairAccessory1CustomizableCowEarsStud3Left,Stud3 Left
HairAccessory1CustomizableCowEarsStud4Left,Stud4 Left
HairAccessory1CustomizableCowEarsStud1Right,Stud1 Right
HairAccessory1CustomizableCowEarsStud2Right,Stud2 Right
HairAccessory1CustomizableCowEarsStud3Right,Stud3 Right
HairAccessory1CustomizableCowEarsStud4Right,Stud4 Right
HairAccessory1CustomizableCowEarsSmallRingBotLeft,SmallRing1 Left
HairAccessory1CustomizableCowEarsSmallRingMidLeft,SmallRing2 Left
HairAccessory1CustomizableCowEarsSmallRingTopLeft,SmallRing3 Left
HairAccessory1CustomizableCowEarsSmallRingTipLeft,SmallRing4 Left
HairAccessory1CustomizableCowEarsSmallRingBotRight,SmallRing1 Right
HairAccessory1CustomizableCowEarsSmallRingMidRight,SmallRing2 Right
HairAccessory1CustomizableCowEarsSmallRingTopRight,SmallRing3 Right
HairAccessory1CustomizableCowEarsSmallRingTipRight,SmallRing4 Right
HairAccessory1CustomizableCowEarsBarLeft,Bar Left
HairAccessory1CustomizableCowEarsBarRight,Bar Right
HairAccessory1CustomizableCowEarsBellsLeft,Bells Left
HairAccessory1CustomizableCowEarsBellsRight,Bells Right
HairAccessory1CustomizableCowEarsTagLeft,Tag Left
HairAccessory1CustomizableCowEarsTagRight,Tag Right
HairAccessory1CustomizableCowEarsBigRing1Left,BigRing1 Left
HairAccessory1CustomizableCowEarsBigRing1Right,BigRing1 Right
HairAccessory1CustomizableCowEarsBigRing2Left,BigRing2 Left
HairAccessory1CustomizableCowEarsBigRing2Right,BigRing2 Right
HairAccessory1WingedHeadpieceW1,Wings
HairAccessory1WingedHeadpieceW2,Tails
HairAccessory1WingedHeadpieceW3,Button
HairAccessory2BunnyEars2Inner,Inner
HairAccessory2BunnyEars2Outer,Outer
HairAccessory2FoxEars2Inner,Inner Ear
HairAccessory2FoxEars2Outer,Outer Ear
HairAccessory2FoxEars3Bell,Bell
HairAccessory2FoxEars3EarInner,Inner Ear
HairAccessory2FoxEars3EarOuter,Outer Ear
HairAccessory2FoxEars3Strap,Strap
HairAccessory2CyberEarsBands,Bands
HairAccessory2CyberEarsEars,Ears
HairAccessory2CyberEarsLights,Lights
HairAccessory2CyberEarsShine,Shine
HairAccessory2CyberEarsTop,Top
HairAccessory2KittenEars1Inner,Inner Ear
HairAccessory2KittenEars1Outer,Outer Ear
HairAccessory3EarWarmerMain,Fur
HairAccessory3EarWarmerDetail,Headband
HairAccessory3HaloBase,Body
HairAccessory3HaloCore,Core
HairAccessory3HaloGlow,Glow
HairAccessory3Headset1Main,Headset
HairAccessory3Headset1Mic,Mic
HairAccessory3Headset1Stem,Stem
HairAccessory3Ribbons1Left,Left
HairAccessory3Ribbons1Right,Right
HairAccessory3Ribbons4Left,Left
HairAccessory3Ribbons4Right,Right
HairBackHairBack5bMain,Main
HairBackHairBack5bTips,Tips
HairBackHairBack5bBands,Bands
HairBackHairBack13bBun,Bun
HairBackHairBack13bMainLeft,Right
HairBackHairBack13bMainRight,Left
HairBackHairBack13Bun,Bun
HairBackHairBack13MainLeft,Right
HairBackHairBack13MainRight,Left
HairBackHairBack53Base,Base
HairBackHairBack53Tip,Tips
HairBackHairBack54bLeft,Left
HairBackHairBack54bRight,Right
HairBackHairBack54Left,Left
HairBackHairBack54Right,Right
HairBackHairBack7bMainLeft,Right
HairBackHairBack7bMainRight,Left
HairBackHairBack7cMainLeft,Right
HairBackHairBack7cMainRight,Left
HairBackHairBack7MainLeft,Right
HairBackHairBack7MainRight,Left
HairBackHairBack9bLeft,Right
HairBackHairBack9bRight,Left
HairBackHairBack9Left,Right
HairBackHairBack9Right,Left
HairBackHairBack58Right,Right
HairBackHairBack58RightTip,Right Tip
HairBackHairBack58Left,Left
HairBackHairBack58LeftTip,Left Tip
HairBackHairBack58bRight,Right
HairBackHairBack58bRightTip,Right Tip
HairBackHairBack58bLeft,Left
HairBackHairBack58bLeftTip,Left Tip
HairBackHairBack60FrontRight,Right
HairBackHairBack60FrontLeft,Left
HairBackHairBack61FrontRight,Right
HairBackHairBack61FrontLeft,Left
HairBackHairBack62Braid,Braid
HairBackHairBack62Ribbon,Ribbon
HairBackHairBack63Braid,Left
HairBackHairBack63BraidRight,Right
HairBackHairBack63Band,Scrunchies
HairBackHairBack63Ribbon,Ribbons
HairBackHairBack65Right,Right
HairBackHairBack65Left,Left
HairBackHairBack65bRight,Right
HairBackHairBack65bLeft,Left
HairBackHairBack66Left,Left
HairBackHairBack66Right,Right
HairBackHairBack67Left,Left
HairBackHairBack67Right,Right
HairBackHairBack68BaseRight,Main Right
HairBackHairBack68BaseLeft,Main Left
HairBackHairBack68TipRight,Tip Right
HairBackHairBack68TipLeft,Tip Left
HairBackHairBack69BaseRight,Main Right
HairBackHairBack69BaseLeft,Main Left
HairBackHairBack69TipRight,Tip Right
HairBackHairBack69TipLeft,Tip Left
HairBackHairBack69bBaseRight,Main Right
HairBackHairBack69bBaseLeft,Main Left
HairBackHairBack69bTipRight,Tip Right
HairBackHairBack69bTipLeft,Tip Left
HairBackHairBack71Base,Base
HairBackHairBack71Streak,Streak
HairBackHairBack72Base,Base
HairBackHairBack72Tip,Tips
HairBackHairBack73AFront,Front
HairBackHairBack73ABack,Back
HairBackHairBack74AFront,Front
HairBackHairBack74ABack,Back
HairBackHairBack75Right,Right Bun
HairBackHairBack75Left,Left Bun
HairBackHairBack75RightStrand,Right Strand
HairBackHairBack75LeftStrand,Left Strand
HairBackHairBack76Right,Right Bun
HairBackHairBack76Left,Left Bun
HairBackHairBack76RightStrand,Right Strand
HairBackHairBack76LeftStrand,Left Strand
HairBackHairBack76RightBraid,Right Braid
HairBackHairBack76LeftBraid,Left Braid
HairBackHairBack76bLeft,Left
HairBackHairBack76bRight,Right
HairBackHairBack77Right,Right Bun
HairBackHairBack77Left,Left Bun
HairBackHairBack77RightStrand,Right Strand
HairBackHairBack77LeftStrand,Left Strand
HairBackHairBack77RightBraid,Right Braid
HairBackHairBack77LeftBraid,Left Braid
HairBackHairBack77bRight,Right Bun
HairBackHairBack77bLeft,Left Bun
HairBackHairBack77bRightBraid,Right Braid
HairBackHairBack77bLeftBraid,Left Braid
HairBackHairBack77cMain,Main
HairBackHairBack77cBraid,Braid
HairBackHairBack78Right,Right Bun
HairBackHairBack78Left,Left Bun
HairBackHairBack78RightStrand,Right Strand
HairBackHairBack78LeftStrand,Left Strand
HairBackHairBack78RightBraid,Right Braid
HairBackHairBack78LeftBraid,Left Braid
HairBackHairBack78bRight,Right Bun
HairBackHairBack78bLeft,Left Bun
HairBackHairBack78bRightBraid,Right Braid
HairBackHairBack78bLeftBraid,Left Braid
HairBackHairBack78cMain,Main
HairBackHairBack78cBraid,Braid
HairBackHairBack79Band,Band
HairBackHairBack79Braid,Braid
HairBackHairBack80LeftBraid,Left Braid
HairBackHairBack80LeftString,Left Tie
HairBackHairBack80RightBraid,Right Braid
HairBackHairBack80RightString,Right Tie
HairBackHairBack81Main,Main
HairBackHairBack81Tone,Tone
HairBackHairBack82AFront,Front
HairBackHairBack82ABack,Back
HairBackHairBack83LeftFront,Left Main
HairBackHairBack83LeftClip,Left Clip
HairBackHairBack83RightFront,Right Main
HairBackHairBack83RightClip,Right Clip
HairBackHairBack83LeftFrontStreak,Left Streak
HairBackHairBack83RightFrontStreak,Right Streak
HairBackHairBack84Left,Left
HairBackHairBack84Right,Right
HairBackHairBack84LeftStreak,Left Streak
HairBackHairBack84RightStreak,Right Streak
HairFrontHairFront20Main,Base
HairFrontHairFront20Braid,Braid
HairFrontHairFront20SmallEarsBraid,Braid
HairFrontHairFront20NoEarsBraid,Braid
HairFrontHairFront20Band,Band
HairFrontHairFront22Base,Base
HairFrontHairFront22bBase,Base
HairFrontHairFront22bFluff,Fluff
HairFrontHairFront22bTip,Tip
HairFrontHairFront22Fluff,Fluff
HairFrontHairFront22Tip,Tip
HairFrontHairFront23Base,Base
HairFrontHairFront23bBase,Base
HairFrontHairFront23bFluff,Fluff
HairFrontHairFront23bTip,Tip
HairFrontHairFront23Fluff,Fluff
HairFrontHairFront23Tip,Tip
HairFrontHairFront27Bangs,Bangs
HairFrontHairFront27BangsTip,Tips
HairFrontHairFront27Base,Base
HairFrontHairFront28Bangs,Bangs
HairFrontHairFront28Base,Base
HairFrontHairFront28bBangs,Bangs
HairFrontHairFront28bBase,Base
HairFrontHairFront28bTips,Tips
HairFrontHairFront28Tips,Tips
HairFrontHairFront29bLeft,Left
HairFrontHairFront29bRight,Right
HairFrontHairFront29Left,Left
HairFrontHairFront29Right,Right
HairFrontHairFront37bFront,Front
HairFrontHairFront37bMain,Main
HairFrontHairFront37Front,Front
HairFrontHairFront37Main,Main
HairFrontHairFront38bFade,Fade
HairFrontHairFront38bFront,Front
HairFrontHairFront38bMain,Main
HairFrontHairFront38Fade,Fade
HairFrontHairFront38Front,Front
HairFrontHairFront38Main,Main
HairFrontHairFront39bMain,Main
HairFrontHairFront39Main,Main
HairFrontHairFront40bFade,Fade
HairFrontHairFront40bMain,Main
HairFrontHairFront40Fade,Fade
HairFrontHairFront40Main,Main
HairFrontHairFront42bFade,Fade
HairFrontHairFront42bMain,Main
HairFrontHairFront42Fade,Fade
HairFrontHairFront42Main,Main
HairFrontHairFront43bFade,Fade
HairFrontHairFront43bFront,Front
HairFrontHairFront43bMain,Main
HairFrontHairFront43Fade,Fade
HairFrontHairFront43Front,Front
HairFrontHairFront43Main,Main
HairFrontHairFront44bFade,Fade
HairFrontHairFront44bFront,Front
HairFrontHairFront44bMain,Main
HairFrontHairFront44Fade,Fade
HairFrontHairFront44Front,Front
HairFrontHairFront44Main,Main
HairFrontHairFront45bFade,Fade
HairFrontHairFront45bMain,Main
HairFrontHairFront45bTint,Tint
HairFrontHairFront45Fade,Fade
HairFrontHairFront45Main,Main
HairFrontHairFront45Tint,Tint
HairFrontHairFront46bFade,Fade
HairFrontHairFront46bMain,Main
HairFrontHairFront46Fade,Fade
HairFrontHairFront46Main,Main
HairFrontHairFront47bFade,Fade
HairFrontHairFront47bMain,Main
HairFrontHairFront47Fade,Fade
HairFrontHairFront47Main,Main
HairFrontHairFront49Left,Right
HairFrontHairFront49Right,Left
HairFrontHairFront50Left,Right
HairFrontHairFront50Right,Left
HairFrontHairFront51bFront,Front
HairFrontHairFront51bMain,Main
HairFrontHairFront51Front,Front
HairFrontHairFront51Main,Main
HairFrontHairFront52bFade,Fade
HairFrontHairFront52bMain,Main
HairFrontHairFront56Main,Main
HairFrontHairFront56MainTip,Tips
HairFrontHairFront57Main,Main
HairFrontHairFront57Tone,Tips
HairFrontHairFront58Main,Main
HairFrontHairFront58Tone1,Tone1
HairFrontHairFront58Tone2,Tone2
HairFrontHairFront60Main,Main
HairFrontHairFront60BandMain,Color1
HairFrontHairFront60BandX,Color2
HairFrontScalyHairFrontHair,Front Hair
HairFrontScalyHairFrontPlate,Front Plate
HairFrontHairFront62aGlossyBase,Base
HairFrontHairFront62aTone,Ends
HairFrontHairFront62aStrands,Strands
HairFrontHairFront62aBraids,Extra
HairFrontHairFront62bGlossyBase,Base
HairFrontHairFront62bTone,Ends
HairFrontHairFront62bStrands,Strands
HairFrontHairFront62bBraids,Extra
HairFrontHairFront63Main,Front
HairFrontHairFront63Main_Tips_Middle,Front Bang
HairFrontHairFront63Main_Tips_Sides,Side Bangs
HairFrontHairFront63Back,Rear Base
HairFrontHairFront63Back_Tips_Middle,Lower Front Bang
HairFrontHairFront63Back_Tips_Sides,Lower Side Bangs
HairFrontHairFront64Main,Main
HairFrontHairFront64Clip,Clip
HairFrontHairFront65Full,Full
HairFrontHairFront65Highlights,Highlights
HairFrontHairFront65Shadows,Shadows
HairFrontHairFront65Outline,Outline
HairFrontHairFront67main,Main
HairFrontHairFront67streak,Streak
HairFrontHairFront68Main,Main
HairFrontHairFront68Streak,Streak
HairFrontHairFront69Main,Main
HairFrontHairFront69Streak,Streak
HairFrontHairFront70Main,Main
HairFrontHairFront70Tone,Tone
HairFrontHairFront71Main,Main
HairFrontHairFront73Main,Main
HairFrontHairFront73Tone,Tone
HairFrontHairFront74Main,Main
HairFrontHairFront74Streak,Streak
HatAnimeGirlTiaraMain,Tiara
HatAnimeGirlTiaraDetail,Detail
HatAnimeGirlTiaraJewel,Jewel
HatBallCapBackButton,Button
HatBallCapBackPanelLeft,Panel
HatBallCapBackSideLeft,Side
HatBallCapBackStrap,Strap
HatBallCapFrontButton,Button
HatBallCapFrontPanel,Panel
HatBallCapFrontPanelLeft,Left Panel
HatBallCapFrontPanelRight,Right Panel
HatBallCapFrontPrint,Print
HatBallCapFrontVisor,Visor
HatBandanaBow,Bandana
HatBandanaBowPattern,Patterns
HatBonnet1Base,Bonnet
HatBonnet1Lace,Lace
HatCaptainHat1Brim,Brim
HatCaptainHat1Insignia,Insignia
HatCaptainHat1Rope,Rope
HatCaptainHat1Top,Top
HatCowboyHatBand,Band
HatCowboyHatHat,Hat
HatCrown2Crown,Crown
HatCrown2Jewels,Jewels
HatCrown3Crown,Crown
HatCrown3Jewels,Jewels
HatFlatCapMain,Hat
HatFlatCapStripes,Hat stripes
HatFlowerCrownMainFlowers,Main Flowers
HatFlowerCrownPetals,Petals
HatGatTop,Top
HatGatBeads,Beads
HatLatexHabitBase,Shawl
HatLatexHabitCape,Shoulders
HatLatexHabitCollar,Collar
HatLatexHabitCowl,Cowl
HatMaidLatexHairbandDetail,Detail
HatMaidLatexHairbandMain,Main
HatNunHabitCowl,Cowl
HatNunHabitShawl,Shawl
HatNunHabitShoulders,Shoulders
HatNunHabitSymbol,Symbol
HatNunVeilMain,Main
HatNunVeilBack,Back
HatNunVeilInside,Inside
HatPirateBandana1Bandana,Bandana
HatPirateBandana1Dots,Dots
HatPirateBandana1Skull,Skull
HatPirateHatBandanaBack,Bandana
HatPirateHatClassicSymbol,Logo
HatPirateHatFeather1,Feather Front
HatPirateHatFeather2,Feather Back
HatPirateHatMain,Hat
HatPirateHatTrim,Trim
HatPoliceWomanHatBadge,Badge
HatPoliceWomanHatHat,Hat
HatPoppyCrownCenter,Flower Center
HatPoppyCrownEndFlowers,End Flowers
HatPoppyCrownLeaves,Leaves
HatPoppyCrownMainFlower,Main Flower
HatPoppyCrownSideFlowers,Side Flowers
HatRoseCrownLeaves,Leaves
HatRoseCrownRoses,Roses
HatSanta1Fabric,Hat
HatSanta1Fur,Fur
HatSwimCapCap,Cap
HatSwimCapStripes1,Pattern
HatVintageHatMain,Hat
HatVintageHatRibbon,Ribbon
HatVintageHatInside,Inside
HatWitchHat1Band,Band
HatWitchHat1Hat,Hat
HatJesterHatLeft,Hat Body (Left)
HatJesterHatRight,Hat Body (Right)
HatJesterHatTop,Hat Body (Top)
HatJesterHatCrown,Crown
HatJesterHatBellLeft,Bell (Left)
HatJesterHatBellRight,Bell (Right)
HatJesterHatBellTop,Bell (Top)
HatJesterHatStripesLeft,Stripes (Left)
HatJesterHatStripesRight,Stripes (Right)
HatJesterHatStripesTop,Stripes (Top)
HatJesterHatDotsLeft,Dots (Left)
HatJesterHatDotsRight,Dots (Right)
HatJesterHatDotsTop,Dots (Top)
ItemAddonCeilingNeckCuffCuff,Metal cuff
ItemAddonCeilingNeckCuffLock,Padlock
ItemAddonCoversInner,Inner
ItemAddonCoversOuter,Outer
ItemArmsArmbinderJacketJacket,Jacket
ItemArmsArmbinderJacketRings,Buckles
ItemArmsArmbinderJacketStraps,Straps
ItemArmsArmbinderSuitMain,Upper and armbinder
ItemArmsArmbinderSuitLeg,Suit lower part
ItemArmsArmbinderSuitHeel,Latex single heel
ItemArmsArmbinderSuitShine,Upper and armbinder
ItemArmsArmbinderSuitLShine,Suit lower part
ItemArmsArmbinderSuitHShine,Latex single heel
ItemArmsArmbinderSuitCuff,Cuff and chain link
ItemArmsArmbinderSuitBLegCuff,Ankle shackles
ItemArmsArmbinderSuitLMetal,Leg metal parts
ItemArmsArmbinderSuitCMetal,Collar metal part
ItemArmsArmbinderSuitBMetal,Harness belt buckles
ItemArmsArmbinderSuitSMetal,Shoulder belt buckles
ItemArmsArmbinderSuitHMetal,Single heel metal parts
ItemArmsArmbinderSuitLBelts,Leg Straps
ItemArmsArmbinderSuitCollar,Collar
ItemArmsArmbinderSuitBelts,Harness belts
ItemArmsArmbinderSuitStraps,Shoulder straps
ItemArmsArmbinderSuitHBelts,Heel straps
ItemArmsArmbinderSuitZipper,Zipper
ItemArmsArmbinderSuitSkirt,Rubber skirt
ItemArmsBitchSuitBuckles,Buckles
ItemArmsBitchSuitLatex,Suit
ItemArmsBitchSuitLock,Locks
ItemArmsBitchSuitStraps,Straps
ItemArmsBitchSuitZips,Zippers
ItemArmsBoleroBelts,Straps
ItemArmsBoleroLeather,Jacket
ItemArmsBoleroMetal,Buckles
ItemArmsBondageBouquetBase,Holder
ItemArmsBondageBouquetFlowers,Flowers
ItemArmsBoxTieArmbinderBase,Base
ItemArmsBoxTieArmbinderShine,Shine
ItemArmsCanvasStraitjacket1ArmStraps,Arm Strap
ItemArmsCanvasStraitjacket1Jacket,Jacket
ItemArmsCanvasStraitjacket1Straps,Crotch Straps
ItemArmsCeilingShacklesChain,Chain
ItemArmsCeilingShacklesCuffs,Cuffs
ItemArmsChains,Chains
ItemArmsChainsSuspension,Suspension Chain
ItemArmsFullLatexSuitBase,Straps
ItemArmsFullLatexSuitLatex,Suit
ItemArmsFuturisticArmbinderBand,Band
ItemArmsFuturisticArmbinderBinder,Binder
ItemArmsFuturisticArmbinderDisplay,Display
ItemArmsFuturisticArmbinderLock,Lock
ItemArmsFuturisticArmbinderStraps,Straps
ItemArmsFuturisticCuffsCuffs,Cuffs
ItemArmsFuturisticCuffsDisplay,Display
ItemArmsFuturisticCuffsLock,Lock
ItemArmsFuturisticStraitjacketBand,Band
ItemArmsFuturisticStraitjacketDisplay,Display
ItemArmsFuturisticStraitjacketLock,Lock
ItemArmsFuturisticStraitjacketLower,Material
ItemArmsFuturisticStraitjacketMesh,Mesh
ItemArmsFuturisticStraitjacketSides,Sides
ItemArmsHeavyYokeCuffs,Cuffs
ItemArmsHeavyYokeFrame,Frame
ItemArmsHempRope,Ropes
ItemArmsHempRopeInvertedSuspension,Inv. Suspension Rope
ItemArmsHempRopeSuspension,Suspension Rope
ItemArmsHighSecurityStraitJacketCrotch,Crotch Panel
ItemArmsHighSecurityStraitJacketCrotchStrapsSingle,Crotch
ItemArmsHighSecurityStraitJacketJacketLoose,Jacket
ItemArmsHighSecurityStraitJacketStrapsLoose,Jacket
ItemArmsHighStyleSteelCuffsCuffs,Cuffs
ItemArmsHighStyleSteelCuffsPanel,Panel
ItemArmsInflatableDressTop,Dress
ItemArmsInflatableDressHood,Hood
ItemArmsInflatableDressCollar,Collar
ItemArmsInflatableDressBedTop,Eyelets
ItemArmsInflatableDressBTopRope,Ropes
ItemArmsLatexArmbinderBuckle1,Buckle
ItemArmsLatexArmbinderBuckle2,Buckle
ItemArmsLatexArmbinderHole1,Buckle Hole
ItemArmsLatexArmbinderHole2,Buckle Hole
ItemArmsLatexArmbinderLaces,Laces
ItemArmsLatexArmbinderLatex,Binder
ItemArmsLatexArmbinderStrap1,Strap
ItemArmsLatexArmbinderStrap2,Strap
ItemArmsLeatherArmbinderBinder,Binder
ItemArmsLeatherArmbinderStrap,Straps
ItemArmsLeatherCuffsCuffs,Cuffs
ItemArmsLeatherCuffsRings,Rings
ItemArmsLeatherDeluxeCuffsBuckets,Buckles
ItemArmsLeatherDeluxeCuffsCuffs,Cuffs
ItemArmsLeatherDeluxeCuffsLock,Lock
ItemArmsLeatherDeluxeCuffsRings,Edging
ItemArmsMedicalBedRestraintsBase,Bed Straps
ItemArmsMedicalBedRestraintsStraps,Cuffs
ItemArmsOrnateCuffsCuffs,Cuffs
ItemArmsOrnateCuffsGems,Gems
ItemArmsPilloryMetal,Metal
ItemArmsPilloryWood,Wood
ItemArmsPrisonLockdownSuitBelts,Straps
ItemArmsPrisonLockdownSuitSuit,Suit
ItemArmsPrisonSJBase,Latex
ItemArmsPrisonSJClosedZip,Zipper
ItemArmsPrisonSJOpenZip,Zipper
ItemArmsPrisonSJStripe,Stripe
ItemArmsShinyArmbinderBand,Straps
ItemArmsShinyArmbinderBondage,Binder
ItemArmsShinyArmbinderBuckets,Buckles
ItemArmsShinyArmbinderLock,Locks
ItemArmsShinyPetSuitBuckles,Buckles
ItemArmsShinyPetSuitLatex,Suit
ItemArmsShinyPetSuitLock,Locks
ItemArmsShinyPetSuitStraps,Straps
ItemArmsShinyPetSuitZips,Shine
ItemArmsShinyStraitjacketBelts,Straps
ItemArmsShinyStraitjacketLeather,Jacket
ItemArmsShinyStraitjacketLeather2,Stripes
ItemArmsShinyStraitjacketLock,Locks
ItemArmsShinyStraitjacketMetal,Buckles
ItemArmsShinyStraitjacketShine,Shine
ItemArmsSlimeBaseOne,Color 1
ItemArmsSlimeBaseTwo,Color 2
ItemArmsSlimeGirlBack,Slime Girl
ItemArmsSmoothLeatherArmbinder1BasicShoulderStraps,Shoulder Straps
ItemArmsSmoothLeatherArmbinder1BinderLeft,Binder
ItemArmsSmoothLeatherArmbinder1BinderStrapsLeft,Binder Straps
ItemArmsSmoothLeatherArmbinder1LacesLeft,Laces
ItemArmsSmoothLeatherArmbinder1SeamsLeft,Seams
ItemArmsStraitDressBelts,Straps
ItemArmsStraitDressLatex,Dress
ItemArmsStraitDressOpenBelts,Straps
ItemArmsStraitDressOpenLatex,Dress
ItemArmsStraitLeotardGloves,Gloves
ItemArmsStraitLeotardLower,Lower Half
ItemArmsStraitLeotardUpper,Upper Half
ItemArmsSturdyLeatherBeltsLowerTorsoBelt,Below Breast Belt
ItemArmsSturdyLeatherBeltsLowerTorsoMetal,Below Breast Belt
ItemArmsSturdyLeatherBeltsUpperTorsoBelt,Above Breast Belt
ItemArmsSturdyLeatherBeltsUpperTorsoMetal,Above Breast Belt
ItemArmsSturdyLeatherBeltsWaistBelt,Waist Belt
ItemArmsSturdyLeatherBeltsWaistMetal,Waist Belt
ItemArmsTentaclesInner,Inner
ItemArmsTentaclesLowerInner,Inner
ItemArmsTentaclesLowerOuter,Outer
ItemArmsTentaclesLowerSucker,Suckers
ItemArmsTentaclesOuter,Outer
ItemArmsTentaclesSucker,Suckers
ItemArmsThinLeatherStrapsBuckle,Buckle
ItemArmsThinLeatherStrapsLocks,Lock
ItemArmsThinLeatherStrapsStrap,Straps
ItemArmsTransportJacketJacket,Jacket
ItemArmsTransportJacketShorts,Shorts
ItemArmsTransportJacketStraps,Straps
ItemArmsTransportJacketStripes,Jacket
ItemArmsTransportJacketStripesLegs,Shorts
ItemArmsTransportJacketText,Text
ItemArmsWristShacklesChain,Chain
ItemArmsWristShacklesCuffs,Cuffs
ItemArmsYokeBars,Bars
ItemArmsYokeStraps,Straps
ItemArmsBedMetalCuffsLeftundercuff,Left
ItemArmsBedMetalCuffsRightundercuff,Right
ItemArmsPawPaddedPetsuitArmsBase,Base
ItemArmsPawPaddedPetsuitArmsGloss,Shine
ItemArmsPawPaddedPetsuitArmsLacingBack,Lacing Back
ItemArmsPawPaddedPetsuitArmsLacing,Lacing
ItemArmsPawPaddedPetsuitArmsLacingTrim,Lacing Trim
ItemArmsPawPaddedPetsuitArmsPaws,Paws
ItemArmsPawPaddedPetsuitArmsStraps,Straps
ItemArmsPawPaddedPetsuitArmsBuckles,Metal
ItemArmsPawPaddedPetsuitArmsLock,Locks
ItemArmsStrappedPetsuitArmsBase,Base
ItemArmsStrappedPetsuitArmsStrap1,Strap
ItemArmsStrappedPetsuitArmsStrap2,Belt
ItemArmsStrappedPetsuitArmsGloss,Shine
ItemArmsStrappedPetsuitArmsExtras1,Extra Straps
ItemArmsStrappedPetsuitArmsBuckles,Metal
ItemArmsStrappedPetsuitArmsLock,Locks
ItemBootsBalletMittensFeet,Mittens
ItemBootsBalletMittensFShine,Mittens shine
ItemBootsBalletMittensStraps,Mittens straps
ItemBootsBalletMittensLock,Padlocks
ItemBootsBalletMittensPogoMain,Pogo Ball
ItemBootsBalletMittensPogoMainShine,Pogo Ball shine
ItemBootsBalletMittensPogoMainAnkle,Pogo Ball rubber ankles
ItemBootsFuturisticHeels2Cuffs,Cuffs
ItemBootsFuturisticHeels2Display,Display
ItemBootsFuturisticHeels2Lock,Lock
ItemBootsFuturisticHeels2Mesh,Body
ItemBootsFuturisticHeels2Shine,Shine
ItemBootsFuturisticHeels2Soles,Heels
ItemBootsFuturisticHeels2Trim,Trim
ItemBootsFuturisticHeelsDisplay,Display
ItemBootsFuturisticHeelsLock,Lock
ItemBootsFuturisticHeelsShoes,Body
ItemBootsHeellessHoofHoof,Shoes
ItemBootsHeellessHoofLock,Padlocks
ItemBootsHeellessHoofIronBallet,Iron Ballet
ItemBootsHeellessHoofIBLock,Iron cuff locks
ItemBootsHoofBootsBoots,Boots
ItemBootsHoofBootsStraps,Straps
ItemBootsHoofBootsSBuckles,Straps buckles
ItemBootsHoofBootsLock,Padlocks
ItemBootsLeatherFootMitts1Mitts,Mittens
ItemBootsLeatherFootMitts1Straps,Straps
ItemBootsLockingBoots1Boots,Boots
ItemBootsLockingBoots1Straps,Straps
ItemBootsMonoHeelBinder,Binder
ItemBootsMonoHeelTrim,Trim
ItemBootsMonoHeelVamp,Vamp
ItemBootsShortPonyBootsAnkle,Ankles
ItemBootsShortPonyBootsFoot,Feet
ItemBootsShortPonyBootsToe,Toes
ItemBootsShortPonyBootsU,Horseshoes
ItemBootsSlimeOne,Color 1
ItemBootsSlimeTwo,Color 2
ItemBootsSingleBalletBootBoot,Single boot
ItemBootsSingleBalletBootBShine,Boot shine
ItemBootsSingleBalletBootLowerStraps,Boot straps
ItemBootsSingleBalletBootBootMetal,Boot metal details
ItemBootsSingleBalletBootLowerBelts,Belts
ItemBootsSingleBalletBootMBeltsLower,Belt buckles
ItemBootsSingleBalletBootFoam,Foam tape
ItemBootsSingleBalletBootAPilloryFront,Leg metal pillories
ItemBootsSingleBalletBootBootLocks,Padlocks
ItemBootsTormentHeelsHeels,Heels
ItemBootsTormentHeelsBelts,Belts
ItemBootsTormentHeelsLock,Padlocks
ItemBootsStrictPonyBootsBaseBoots,Boots
ItemBootsStrictPonyBootsBase,Main
ItemBootsStrictPonyBootsShineBoots,Shine
ItemBootsStrictPonyBootsCuffs,Cuffs
ItemBootsStrictPonyBootsHooves,Hooves
ItemBootsStrictPonyBootsStraps,Straps
ItemBootsStrictPonyBootsStrapsLower,Straps Base
ItemBootsStrictPonyBootsOutlineBoots,Outline
ItemBootsZipperBBootsBoots,Boots
ItemBootsZipperBBootsBShine,Shine
ItemBootsZipperBBootsBStraps,Straps
ItemBootsZipperBBootsBMetal,Metal details
ItemBootsZipperBBootsBLocks,Padlocks
ItemBreastForbiddenChastityBraBra,Bra
ItemBreastForbiddenChastityBraDetail,Detail
ItemBreastForbiddenChastityBraMetal,Metal
ItemBreastFuturisticBra2Bra,Body
ItemBreastFuturisticBra2Display,Display
ItemBreastFuturisticBra2Lock,Lock
ItemBreastFuturisticBra2Mesh,Mesh
ItemBreastFuturisticBra2Shine,Shine
ItemBreastFuturisticBra2Straps,Straps
ItemBreastFuturisticBraBra,Body
ItemBreastFuturisticBraDisplay,Display
ItemBreastFuturisticBraLock,Lock
ItemBreastFuturisticBraMesh,Mesh
ItemBreastFuturisticBraText,Text
ItemBreastOrnateChastityBraBra,Bra
ItemBreastOrnateChastityBraGems,Gems
ItemBreastTickleBraCup,Bra Cup
ItemBreastTickleBraLining,Lining
ItemBreastTickleBraTickleUnit,Tickler
ItemBreastTickleBraWire,Wiring
ItemBreastChastityPlateMetal,Metal
ItemBreastChastityPlateStraps,Straps
ItemBreastChastityPlateUnder1,Under layer
ItemBreastChastityPlateShine1,Plate Shine
ItemBreastChastityPlateShine2,Under layer shine
ItemButtFoxTailBase_TL,Tail
ItemButtFoxTailTip_TL,Tip
ItemButtFoxTailsBases,Tails
ItemButtFoxTailsTips,Tips
ItemButtSuccubusHeartButtPlugHeart,Heart
ItemButtSuccubusHeartButtPlugTail,Tail
ItemButtTailButtPlugBell,Bell
ItemButtTailButtPlugRibbon,Ribbon
ItemButtTailButtPlugTail,Tail
ItemButtTentaclesInner,Inner
ItemButtTentaclesOuter,Outer
ItemButtTentaclesSucker,Suckers
ItemDevicesBedBedFrame,Frame
ItemDevicesBedHeadboard,Headboard
ItemDevicesBedMattress,Mattress
ItemDevicesBedPillow,Pillow
ItemDevicesBondageBenchBench,Bench
ItemDevicesBondageBenchStraps,Straps
ItemDevicesExclusiveWaitressFront,Structure
ItemDevicesExclusiveWaitressWindow,Legs Window
ItemDevicesExclusiveWaitressLight,LED details
ItemDevicesExclusiveWaitressOmbA,Sunshade fabric
ItemDevicesExclusiveWaitressOmbB,Sunshade structure
ItemDevicesExclusiveWaitressObjectR,Right object
ItemDevicesExclusiveWaitressObjectM,Center object
ItemDevicesExclusiveWaitressObjectL,Left object
ItemDevicesBrickWallBack,Background wall
ItemDevicesBrickWallFront,Portal
ItemDevicesBrickWallRestraints,Metal restraints
ItemDevicesBrickWallWall,Main wall
ItemDevicesBrickWallWallOpt,Wall grid
ItemDevicesBrickWallReLock,Padlocks
ItemDevicesCageFrame,Frame
ItemDevicesCageMesh,Mesh
ItemDevicesCageTint,Tint
ItemDevicesCementMainBucket,Bucket
ItemDevicesCementMain,Material
ItemDevicesCementStraps,Straps
ItemDevicesCementRatchet,Ratchets
ItemDevicesCementPole,Pole
ItemDevicesChangingTableFrame,Frame
ItemDevicesChangingTableTable,Tabletop
ItemDevicesCoffinClosed,Lid (closed)
ItemDevicesCoffinFrame,Frame
ItemDevicesCoffinInside,Velvet
ItemDevicesCoffinOpen,Lid (open)
ItemDevicesConcealingCloakFront,Cloak
ItemDevicesConcealingCloakStrap,Straps
ItemDevicesCribFrame,Frame
ItemDevicesCribMattress,Mattress
ItemDevicesCribPillow,Pillow
ItemDevicesCribPillowTrim,Pillow Trim
ItemDevicesCribPlushies,Plushies
ItemDevicesCryoCapsuleClosed,Lid (closed)
ItemDevicesCryoCapsuleFrame,Frame
ItemDevicesCryoCapsuleInside,Bottom
ItemDevicesCryoCapsuleOpen,Lid (open)
ItemDevicesDollBoxBack,Inside
ItemDevicesDollBoxCover,Outside
ItemDevicesDollBoxDollText,Label
ItemDevicesDollBoxGlass,Glass
ItemDevicesDollBoxHeart,Heart
ItemDevicesDollBoxText,Custom Text
ItemDevicesFoldingScreenFrame1,Frame
ItemDevicesFoldingScreenPaper1,Paper
ItemDevicesFoldingScreenShadow,Shadow
ItemDevicesFuckMachineCaps,Caps
ItemDevicesFuckMachineDildo,Dildo
ItemDevicesFuckMachineMetal,Metal
ItemDevicesFuckMachinePlastic,Plastic
ItemDevicesFuckMachinePole,Pole
ItemDevicesFurBlanketWrapBelts,Belts
ItemDevicesFurBlanketWrapBlanket,Blanket
ItemDevicesFuturisticCrateBody,Padding
ItemDevicesFuturisticCrateClampsHarness,Harness Clamps
ItemDevicesFuturisticCrateDevicePleasure,Harness
ItemDevicesFuturisticCrateDevicePleasureHolder,Actuator
ItemDevicesFuturisticCrateDevicePleasurePlug,Dildo
ItemDevicesFuturisticCrateDevicePleasureStructure,Structure
ItemDevicesFuturisticCrateDisplay,Screen
ItemDevicesFuturisticCrateFrame,Frame
ItemDevicesFuturisticCrateGlass,Window
ItemDevicesFuturisticCrateLid,Lid
ItemDevicesFuturisticCrateLid_Closed,Lid
ItemDevicesFuturisticCrateLock,Lock
ItemDevicesFuturisticCrateStrapsArms,Restraint Frame
ItemDevicesFuturisticCrateStrapsArmsMesh,Restraint Padding
ItemDevicesFuturisticCrateStrapsHarness,Harness Straps
ItemDevicesKabeshiriWallCuffsBody,Cuffs
ItemDevicesKabeshiriWallCumButt,Cum
ItemDevicesKabeshiriWallMonitor,Portrait Frame
ItemDevicesKabeshiriWallMonitorRec,Recording
ItemDevicesKabeshiriWallText,Text
ItemDevicesKabeshiriWallWallBackground,Background
ItemDevicesKabeshiriWallWallMonitor,Foreground
ItemDevicesKennelDoor,Door
ItemDevicesKennelFrame,Front Frame
ItemDevicesKennelKennel,Kennel
ItemDevicesKennelPadding,Padding
ItemDevicesLeatherCageFront,Cage
ItemDevicesLeatherCageRivets,Rivets
ItemDevicesLeatherCageMetal,Metal
ItemDevicesLeatherCageCuff,Collar cuff
ItemDevicesLeatherCageFloor,Floor
ItemDevicesLeatherCageLock,Padlocks
ItemDevicesLuckyWheelArrow,Arrow
ItemDevicesLuckyWheelBack,Wheel Border
ItemDevicesLuckyWheelBase,Wooden Stand
ItemDevicesLuckyWheelBase2,MetalStand
ItemDevicesLuckyWheelBase2Metal,Metal Stand Frame
ItemDevicesLuckyWheelBase2Text,Metal Stand Text
ItemDevicesLuckyWheelMisc,Toys
ItemDevicesLuckyWheelMiscFlogger,Flogger
ItemDevicesLuckyWheelMiscGag,Gag
ItemDevicesLuckyWheelSection1,Rope Sections
ItemDevicesLuckyWheelSection2,Chain Sections
ItemDevicesLuckyWheelSection3,Gag Sections
ItemDevicesLuckyWheelText,Text
ItemDevicesMedicalBedBedFrame,Bed Frame
ItemDevicesMedicalBedMattress,Mattress
ItemDevicesMedicalBedPillow,Pillow
ItemDevicesMicrophoneBaseTop,Top
ItemDevicesMicrophoneBaseRim,Rim
ItemDevicesMicrophoneCounterbalance,Counterbalance
ItemDevicesMicrophoneHinge,Hinge
ItemDevicesMicrophoneHingeStuds,Studs
ItemDevicesMicrophoneStand,Stand
ItemDevicesMicrophoneLogoBackground,Logo Background
ItemDevicesMicrophoneMic,Mic
ItemDevicesMicrophoneBrand,Brand
ItemDevicesMicrophoneOutline,Outline
ItemDevicesNetFront,Net
ItemDevicesNetWeightsFront,Weights
ItemDevicesOneBarGirlBar,Bar
ItemDevicesOneBarGirlSoft,Tiny Cushion
ItemDevicesOneBarGirlStraps,Straps
ItemDevicesOneBarGirlRatchets,Ratchets
ItemDevicesOneBarGirlLegs,Legs
ItemDevicesOneBarGirlShoes,Shoes
ItemDevicesOneBarGirlOption,Option
ItemDevicesOneBarGirlLock,Padlocks
ItemDevicesPersonalCageBase,Base
ItemDevicesPersonalCageClosed,Closed
ItemDevicesPersonalCageLock,Lock
ItemDevicesPersonalCageSuspendedLock,Lock
ItemDevicesPetBedBed,Bed
ItemDevicesPetBedBlanket,Blanket
ItemDevicesPetBedInner,Blanket Lining
ItemDevicesPetBedLining,Bed Lining
ItemDevicesPetBowlBowl,Bowl
ItemDevicesPetBowlText,Text
ItemDevicesPogoBallPogoMain,Pogo Ball
ItemDevicesPogoBallPogoMainShine,Shine
ItemDevicesPogoBallPogoAnkle,Ankle rubber
ItemDevicesSnowmanButtons,Buttons
ItemDevicesSnowmanStickHands,Arms
ItemDevicesTheHangingFrameBelts,Belts
ItemDevicesTheHangingFrameFloatbag,Float bag
ItemDevicesTheHangingFrameFrame,Frame
ItemDevicesTheHangingFrameRings,Rings
ItemDevicesTransportWoodenBoxBack,Wood
ItemDevicesTransportWoodenBoxText,Text
ItemDevicesTransportWoodenBoxWheelholders,Wheel Holders
ItemDevicesTransportWoodenBoxWheels,Wheels
ItemDevicesThroneDeco,Deco Item
ItemDevicesThroneSeat,Seat
ItemDevicesThroneThrone,Throne
ItemDevicesVacBedDeluxeArmsDown,Upper
ItemDevicesVacBedDeluxeArmsYoked,Upper
ItemDevicesVacBedDeluxeBody,Body
ItemDevicesVacBedDeluxeFrame,Frame
ItemDevicesVacBedDeluxeLegsClosed,Lower
ItemDevicesVacBedDeluxeLegsSpread,Lower
ItemDevicesVacBedDeluxeSheet,Sheet
ItemDevicesVacBedDeluxeSheetBack,Sheet Back
ItemDevicesVacBedDeluxeSheetFront,Sheet Front
ItemDevicesWetFloorSign,Sign
ItemDevicesWetFloorText,Text
ItemDevicesWoodenBoxBack,Wood
ItemDevicesWoodenBoxText,Text
ItemDevicesWoodenHorseFrame,Frame
ItemDevicesWoodenHorseWood,Wood
ItemDevicesWoodenRackBack,Back
ItemDevicesWoodenRackBotStocksBack,Feet Stocks
ItemDevicesWoodenRackFrameMetal,Metal
ItemDevicesWoodenRackFrameStains,Stains
ItemDevicesWoodenRackFrameWood,Wooden Frame
ItemDevicesWoodenRackTopChains,Chains
ItemDevicesWoodenRackTopRopes,Ropes
ItemDevicesWoodenRackTopStocksBack,Arm Stocks
ItemDevicesX-CrossCross,Frame
ItemDevicesX-CrossPadding,Padding
ItemDevicesHighchairChair,Chair
ItemDevicesHighchairTray,Tray
ItemDevicesHighchairSeat,Cushion
ItemDevicesHighchairLegs,Legs
ItemDevicesHighchairBabyFood,Baby Food
ItemDevicesHighchairFork,Fork
ItemDevicesHighchairPlate,Plate
ItemDevicesHighchairBrocoli,Brocoli
ItemDevicesHighchairPotato,Potato
ItemDevicesHighchairCookieShapes,Cookie Shapes
ItemDevicesHighchairCookies,Cookies
ItemDevicesHighchairBottleMilk,Bottle Milk
ItemDevicesHighchairBottleOutline,Bottle Outline
ItemDevicesHighchairBottleCork,Bottle Cork
ItemDevicesHighchairSippyCup,Sippy Cup
ItemDevicesHighchairFaceStains,Face Stains
ItemDevicesPottyBase,Potty
ItemDevicesPottyInset,Inset
ItemDevicesPottyText,Text
ItemDevicesEnemaBag,Plastic Bag
ItemDevicesEnemaRack,Fixture
ItemDevicesEnemaLiquid,Liquid
ItemDevicesGiftBoxBox,Box 
ItemDevicesGiftBoxBoxReflection,Box Reflection 
ItemDevicesGiftBoxRibbon,Ribbon
ItemDevicesGiftBoxRibbonReflection,Ribbon Reflection
ItemDevicesGiftBoxInner,Padding
ItemDevicesGiftBoxInnerReflection,Padding Reflection  
ItemDevicesGiftBoxFrontBox,Box (edit Alpha)
ItemDevicesGiftBoxFrontBoxReflection,Box Reflection (edit Alpha)
ItemDevicesGiftBoxFrontRibbon,Ribbon (edit Alpha)
ItemDevicesGiftBoxFrontRibbonReflection,Ribbon Reflection (edit Alpha)
ItemDevicesGiftBoxFrontInner,Padding (edit Alpha)
ItemDevicesGiftBoxFrontInnerReflection,Padding Reflection (edit Alpha)
ItemDevicesGiftBoxHindBox,Backside Box 
ItemDevicesGiftBoxHindBoxReflection,Backside Box Reflection 
ItemDevicesGiftBoxHindRibbon,Backside Ribbon
ItemDevicesGiftBoxHindRibbonReflection,Backside Ribbon Reflection
ItemDevicesGiftBoxHindInner,BacksidePadding
ItemDevicesGiftBoxHindInnerReflection,Backside Padding Reflection  
ItemDevicesGiftBoxTopBox,Lid Box 
ItemDevicesGiftBoxTopBoxReflection,Lid Box Reflection 
ItemDevicesGiftBoxTopRibbon,Lid Ribbon
ItemDevicesGiftBoxTopRibbonReflection,Lid Ribbon Reflection 
ItemDevicesXFrameFrameBaseFloor,Floor
ItemDevicesXFrameFrameBaseBack,Frame
ItemDevicesXFrameTopCuffLoops,Cuff Loops
ItemDevicesXFrameTopChains,Chains
ItemDevicesXFrameTopLocks,Locks
ItemDevicesXFrameFrameRopeTop,Rope
ItemDevicesXFrameStains,Stains
ItemDevicesXFrameBolts,Bolts
ItemEarsFuturisticEarphonesBand,Band
ItemEarsFuturisticEarphonesDisplay,Display
ItemEarsFuturisticEarphonesLock,Lock
ItemEarsHeadphonesDark,Dark
ItemEarsHeadphonesLight,Light
ItemFeetEscortAnkleCuffsCuffs,Cuffs
ItemFeetFloorShacklesChain,Chain
ItemFeetFloorShacklesCuffs,Cuffs
ItemFeetFuturisticAnkleCuffsChain,Chain
ItemFeetFuturisticAnkleCuffsCuffs,Cuffs
ItemFeetFuturisticAnkleCuffsDisplay,Display
ItemFeetFuturisticAnkleCuffsLock,Lock
ItemFeetHeavyAnkleCuffsCuffs,Cuffs
ItemFeetHeavyAnkleCuffsFrame,Frame
ItemFeetHeavySpreaderMetalCuffs,Cuffs
ItemFeetHeavySpreaderMetalFrame,Frame
ItemFeetHeelBindersCuffs,Cuffs
ItemFeetHeelBindersChain,Chain
ItemFeetHeelBindersCuffLink,Leather Cuff Link
ItemFeetHeelBindersSpreadBar,Spread Bar
ItemFeetHeelBindersLock,Padlocks
ItemFeetHighStyleSteelAnkleCuffsChain,Chain
ItemFeetHighStyleSteelAnkleCuffsCuffs,Cuffs
ItemFeetHighStyleSteelAnkleCuffsPanel,Panel
ItemFeetKneeOvernighterStraps,Straps
ItemFeetKneeOvernighterDetails,Details
ItemFeetLeatherAnkleCuffsChain,Chain
ItemFeetLeatherAnkleCuffsCuffs,Cuffs
ItemFeetLeatherAnkleCuffsRings,Rings
ItemFeetLeatherDeluxeAnkleCuffsBuckets,Buckles
ItemFeetLeatherDeluxeAnkleCuffsChain,Chain
ItemFeetLeatherDeluxeAnkleCuffsCuffs,Cuffs
ItemFeetLeatherDeluxeAnkleCuffsLock,Lock
ItemFeetLeatherDeluxeAnkleCuffsRings,Edging
ItemFeetMassiveAnkleCuffsCuffs,Cuffs
ItemFeetMassiveAnkleCuffsChain,Chains
ItemFeetMedicalBedRestraintsBase,Bed Straps
ItemFeetMedicalBedRestraintsStraps,Cuffs
ItemFeetNylonRopeLowerRope,Lower Rope
ItemFeetNylonRopeUpperRope,Upper Rope
ItemFeetOrnateAnkleCuffsChain,Chain
ItemFeetOrnateAnkleCuffsCuffs,Cuffs
ItemFeetOrnateAnkleCuffsGems,Gems
ItemFeetSlimeOne,Color 1
ItemFeetSlimeTwo,Color 2
ItemFeetSteelAnkleCuffsChain,Chain
ItemFeetSteelAnkleCuffsCuffs,Cuffs
ItemFeetSturdyLeatherBeltsFeetBelt,Feet Belt
ItemFeetSturdyLeatherBeltsFeetMetal,Feet Belt
ItemFeetSturdyLeatherBeltsLowerBelt,Lower Belt
ItemFeetSturdyLeatherBeltsLowerMetal,Lower Belt
ItemFeetSturdyLeatherBeltsUpperBelt,Upper Belt
ItemFeetSturdyLeatherBeltsUpperMetal,Upper Belt
ItemFeetTentaclesInner,Inner
ItemFeetTentaclesOuter,Outer
ItemFeetTentaclesSucker,Suckers
ItemHandheldAnimeGirlWandMain,Body
ItemHandheldAnimeGirlWandVib,Wand side
ItemHandheldAnimeGirlWandTop,Staff side
ItemHandheldAnimeGirlWandDiamond,Big gem
ItemHandheldAnimeGirlWandDetail1,Central ornament
ItemHandheldAnimeGirlWandDetail2,Spheres
ItemHandheldAnimeGirlWandSwitch,Power switch
ItemHandheldBunPlushBase1,Base
ItemHandheldBunPlushBase2,Accent
ItemHandheldChocolateAluminumFoil,Aluminum Foil
ItemHandheldChocolateChocolateBar,Chocolate Bar
ItemHandheldChocolateGoldTicket,Gold Ticket
ItemHandheldChocolateWrappingPaper,Wrapping Paper
ItemHandheldCigaretteSmoke,Smoke
ItemHandheldCigaretteLit,Lit
ItemHandheldCigaretteFilter,Filter
ItemHandheldCigarettePaper,Paper
ItemHandheldCigaretteSmokeInMouth,Smoke In Mouth
ItemHandheldCigaretteLitInMouth,Lit In Mouth
ItemHandheldCigaretteFilterInMouth,Filter In Mouth
ItemHandheldCigarettePaperInMouth,Paper In Mouth
ItemHandheldDragonPlushMainColor,Main Color
ItemHandheldDragonPlushSecondaryColor,Secondary Color
ItemHandheldDragonPlushDetailsColor,Details Color
ItemHandheldDragonPlushGemsColor,Gems Color
ItemHandheldDragonPlushEyesMainColor,Eyes Main Color
ItemHandheldDragonPlushEyesGlowColor,Eyes Glow Color
ItemHandheldDragonPlushShadows,Shadows
ItemHandheldElectricGuitarA1,Hip
ItemHandheldElectricGuitarA2,Shoulder
ItemHandheldElectricGuitarA3,Strap Button
ItemHandheldElectricGuitarB1,Wood body
ItemHandheldElectricGuitarB2,B2
ItemHandheldElectricGuitarB3,Plastic body
ItemHandheldElectricGuitarB4,Chords
ItemHandheldElectricGuitarB5,Pickups
ItemHandheldElectricGuitarB6,Borders
ItemHandheldElectricGuitarB7,Tuners
ItemHandheldElectricGuitarB8,Frets
ItemHandheldElectricGuitarB9,B9
ItemHandheldFoxPlushBase1,Base
ItemHandheldFoxPlushBase2,Accent
ItemHandheldGiftBoxBox,Box
ItemHandheldGiftBoxBoxReflection,Box Reflection
ItemHandheldGiftBoxRibbon,Ribbon
ItemHandheldGiftBoxRibbonReflection,Ribbon Reflection
ItemHandheldKyosensuFan,Fan paper
ItemHandheldKyosensuFan1,Fan paper 2nd color
ItemHandheldKyosensuFan2,Fan paper 3rd color
ItemHandheldKyosensuBase,Fan base
ItemHandheldKyosensuDetail,Fan detail
ItemHandheldKyosensuFanSurface,Fan folding
ItemHandheldLaptopDot,Dot
ItemHandheldLaptopMain,Main
ItemHandheldMugFluids,Fluids
ItemHandheldMugMug,Mug
ItemHandheldPlushies,Plushies
ItemHandheldPlushiesSelect,Choose a plushie
ItemHandheldPlushiesSin,Sin
ItemHandheldPlushiesRaven,Raven
ItemHandheldPlushiesCassandraLee,CassandraLee
ItemHandheldPlushiesRika,Rika
ItemHandheldPlushiesRoslin,Roslin
ItemHandheldPlushiesGangriel,Gangriel
ItemHandheldPlushiesCeliko,Celiko
ItemHandheldPlushiesLavender,Lavender
ItemHandheldPlushiesSabie,Sabie
ItemHandheldPlushiesSiscuit,Siscuit
ItemHandheldPlushiesAeri,Aeri
ItemHandheldPlushiesDelta,Delta
ItemHandheldPlushiesKhloe,Khloe
ItemHandheldPlushiesLillian,Lillian
ItemHandheldPlushiesMinerva,Minerva
ItemHandheldPlushiesNabi,Nabi
ItemHandheldPlushiesTinyRaven,TinyRaven
ItemHandheldPlushiesXDress,XDress
ItemHandheldPlushiesMagdalena,Magdalena
ItemHandheldPlushiesSonic,Sonic
ItemHandheldPlushiesAlunra,Alunra
ItemHandheldPlushiesMel,Mel
ItemHandheldPlushiesElora,Elora
ItemHandheldPlushiesHoshiKo,Hoshi-Ko
ItemHandheldPlushiesLayottu,Layottu
ItemHandheldPlushiesLisa,Lisa
ItemHandheldPlushiesLittleSera,Little Sera
ItemHandheldPlushiesMana,Mana
ItemHandheldPlushiesMelanie,Melanie
ItemHandheldPlushiesZoi,Zoi
ItemHandheldPlushiesZoe,Zoe
ItemHandheldPlushiesZannah,Zannah
ItemHandheldPopcornBag,Bag
ItemHandheldPopcornCorn,Corn
ItemHandheldPortalTablet,Tablet
ItemHandheldSharkBelly,Belly
ItemHandheldSharkBody,Body
ItemHandheldSharkEye,Eye
ItemHandheldSharkMouth,Mouth
ItemHandheldSharkTeeth,Teeth
ItemHandheldSmartphoneCase,Case
ItemHandheldSmartphoneDots,Pattern
ItemHandheldSmartphoneHearts,Pattern
ItemHandheldSmartphonePhone,Phone
ItemHandheldSmartphoneStripes,Pattern
ItemHandheldUchiwaFan,Fan paper
ItemHandheldUchiwaFan1,Fan paper 2nd color
ItemHandheldUchiwaFan2,Fan paper 3rd color
ItemHandheldUchiwaBase,Fan base
ItemHandheldUchiwaEdge,Fan edge
ItemHandheldUchiwaFanSurface,Fan inner rods
ItemHandheldBabyPowderBottle,Bottle
ItemHandheldBabyPowderText,Details
ItemHandheldWipesPackage,Package
ItemHandheldWipesInlet,Inlet
ItemHandheldWipesText,Text
ItemHandheldMiniDollsHaruhi,Doll
ItemHandsBalletBootsMittensRight,Right hand
ItemHandsBalletBootsMittensSRight,Right shine
ItemHandsBalletBootsMittensLeft,Left hand
ItemHandsBalletBootsMittensSLeft,Left shine
ItemHandsBalletBootsMittensPadlocks,Padlocks
ItemHandsElbowLengthMittensMain,Main
ItemHandsElbowLengthMittensStraps,Straps
ItemHandsElbowLengthMittensMetal,Metal
ItemHandsElbowLengthMittensBeans,Paws
ItemHandsElbowLengthMittensLocks,Locks
ItemHandsElbowLengthMittensMainConnected,Main Behind
ItemHandsElbowLengthMittensStrapsConnected,Straps Behind
ItemHandsElbowLengthMittensBeansConnected,Beans Behind
ItemHandsElbowLengthMittensChainConnected,Chain
ItemHandsElbowLengthMittensLocksConnected,Locks Behind
ItemHandsFullMittensMain,Mittens
ItemHandsFullMittensStraps,Straps
ItemHandsFullMittensRestraint,Metal
ItemHandsFullMittensBelts,Belts
ItemHandsFullMittensBDetail,Belt buckles
ItemHandsFuturisticMittensBody,Body
ItemHandsFuturisticMittensDisplay,Display
ItemHandsFuturisticMittensLock,Lock
ItemHandsFuturisticMittensMesh,Mesh
ItemHandsLatexBondageMittsBase,Right Mitt Base
ItemHandsLatexBondageMittsBaseLeft,Left Mitt Base
ItemHandsLatexBondageMittsShine,Right Mitt Shine
ItemHandsLatexBondageMittsShineLeft,Left Mitt Shine
ItemHandsLatexBondageMittsWristBase,Right Wrist Base
ItemHandsLatexBondageMittsWristBaseLeft,Left Wrist Base
ItemHandsLatexBondageMittsWristShine,Right Wrist Shine
ItemHandsLatexBondageMittsWristShineLeft,Left Wrist Shine
ItemHandsLatexBondageMittsNozzle,Right Nozzle
ItemHandsLatexBondageMittsNozzleLeft,Left Nozzle
ItemHandsLatexBondageMittsPumpkin,Right Pattern
ItemHandsLatexBondageMittsPumpkinLeft,Left Pattern
ItemHandsLatexBondageMittsPumpkinShine,Right Pattern Shine
ItemHandsLatexBondageMittsPumpkinShineLeft,Left Pattern Shine
ItemHandsPaddedMittensBuckles,Buckles
ItemHandsPaddedMittensChain,Chain
ItemHandsPaddedMittensGloves,Gloves
ItemHandsPaddedMittensStraps,Straps
ItemHandsPawMittensBuckles,Buckles
ItemHandsPawMittensChain,Chain
ItemHandsPawMittensGloves,Gloves
ItemHandsPawMittensPaws,Paws
ItemHandsPawMittensStraps,Straps
ItemHandsPonyMittensBinderChainBinder,Chain
ItemHandsPonyMittensBinderCuffs,Cuffs
ItemHandsPonyMittensBinderHarnessBinder,Harness
ItemHandsPonyMittensBinderHarnessRingBinder,Harness Ring
ItemHandsPonyMittensBinderHorseshoes,Horseshoes
ItemHandsPonyMittensBinderLock,Lock
ItemHandsPonyMittensBinderMittens,Mittens
ItemHandsPonyMittensBinderRings,Cuff Rings
ItemHandsSmoothLeatherMittens1Buckles,Buckles
ItemHandsSmoothLeatherMittens1Locks,Locks
ItemHandsSmoothLeatherMittens1Mittens,Mittens
ItemHandsSmoothLeatherMittens1Straps,Straps
ItemHeadAnimeLensesLeftEyelids,Left Eyelids
ItemHeadAnimeLensesLeftIris,Left Lens
ItemHeadAnimeLensesRightEyelids,Right Eyelids
ItemHeadAnimeLensesRightIris,Right Lens
ItemHeadAsylumBlindfoldMain,Blindfold
ItemHeadAsylumBlindfoldPad,Padded layer
ItemHeadAsylumBlindfoldMetal,Metal
ItemHeadAsylumBlindfoldLock,Padlocks
ItemHeadBigMouthHoodCollar,Collar
ItemHeadBigMouthHoodDetail,Detail
ItemHeadBigMouthHoodEyes,Eyes
ItemHeadBigMouthHoodMain,Head
ItemHeadBigMouthHoodMouth,Mouth
ItemHeadBlackoutLensesLeft,Left Lens
ItemHeadBlackoutLensesRight,Right Lens
ItemHeadDroneMaskBarcode,Pattern
ItemHeadDroneMaskBase,Mask
ItemHeadDroneMaskEyeRegular,Eyes
ItemHeadDroneMaskMouthOnahole,Mouth
ItemHeadDroneMaskShine,Shine
ItemHeadFrilledSleepMaskFrills,Frills
ItemHeadFrilledSleepMaskMask,Mask
ItemHeadFuturisticMaskDisplay,Tint
ItemHeadFuturisticMaskLock,Lock Icon
ItemHeadFuturisticMaskText,HUD
ItemHeadInteractiveVRHeadsetBody,Body
ItemHeadInteractiveVRHeadsetDisplay,Display
ItemHeadKittyBlindfoldBase,Base
ItemHeadKittyBlindfoldEars,Ears
ItemHeadKittyBlindfoldEyes,Eyes
ItemHeadMedicalPatchLeft,Left Eye
ItemHeadMedicalPatchLeftHeart,Left Eye Sticker
ItemHeadMedicalPatchRight,Right Eye
ItemHeadMedicalPatchRightHeart,Right Eye Sticker
ItemHeadPaddedBlindfoldBase,Blindfold
ItemHeadPaddedBlindfoldTrim,Trim
ItemHeadStitchesStraight,Thread Right
ItemHeadStitchesStraight2,Thread Left
ItemHeadHypnoticVisorFrameA,Frame
ItemHeadHypnoticVisorPatternA0,Pattern
ItemHeadHypnoticVisorDecalBunny,Decal
ItemHeadHypnoticVisorBead,Head Bead
ItemHeadHypnoticVisorBeadSupport,Head Bead Support
ItemHeadHypnoticVisorText,Text
ItemHoodBalloonHead,Rubber balloon
ItemHoodBalloonShine,Balloon shine
ItemHoodBalloonRope,Neck rope
ItemHoodBigMouthHoodCollar,Collar
ItemHoodBigMouthHoodDetail,Detail
ItemHoodBigMouthHoodEyes,Eyes
ItemHoodBigMouthHoodMain,Head
ItemHoodBigMouthHoodMouth,Mouth
ItemHoodCanvasHoodHood,Canvas
ItemHoodCanvasHoodText,Text
ItemHoodCollarHoodCollar,Collar
ItemHoodCollarHoodHood,Hood
ItemHoodCorsetHoodLace,Lacing
ItemHoodCorsetHoodLatex,Latex
ItemHoodCorsetHoodLines,Outline
ItemHoodCowHoodBase,Hood
ItemHoodCowHoodSpots,Spots
ItemHoodCreepyIronMaskMain,Mask
ItemHoodCreepyIronMaskSpike,Neck spikes
ItemHoodCreepyIronMaskBlindfold,Iron blindfold
ItemHoodCreepyIronMaskNose,Nose guard
ItemHoodCreepyIronMaskLock,Padlocks
ItemHoodCustomBallHoodBase,Base
ItemHoodCustomBallHoodShine,Shine
ItemHoodCustomBallHoodPumpkin,Pattern
ItemHoodCustomBallHoodPumpkinShine,Pattern Shine
ItemHoodCustomBallHoodPumpkin2,Pattern 2
ItemHoodCustomBallHoodPumpkinShine2,Pattern 2 Shine
ItemHoodCustomLatexHoodFillRoundEye,Eye Fill Panels
ItemHoodCustomLatexHoodFillRoundMouth,Mouth Fill Panel
ItemHoodCustomLatexHoodHairUnder,Hair Inside Hood
ItemHoodCustomLatexHoodLiningRoundEye,Eye Lining
ItemHoodCustomLatexHoodLiningRoundFace,Face Lining
ItemHoodCustomLatexHoodLiningRoundMouth,Mouth Lining
ItemHoodCustomLatexHoodPanelHead,Head
ItemHoodCustomLatexHoodPanelNoEye,Eye Panel
ItemHoodCustomLatexHoodPanelNoMouth,Mouth Panel
ItemHoodCustomLatexHoodShine,Highlights
ItemHoodCustomLatexHoodZipperHoodOpen,Cover Hood
ItemHoodCustomLatexHoodZipperHoodOpenZipper,Zipper
ItemHoodDobermanMaskEdges,Edges
ItemHoodDobermanMaskMask,Mask
ItemHoodDobermanMaskMetal,Rivets
ItemHoodDobermanMaskShine,Shine
ItemHoodDroneMaskBarcode,Pattern
ItemHoodDroneMaskBase,Mask
ItemHoodDroneMaskEyeRegular,Eyes
ItemHoodDroneMaskMouthOnahole,Mouth
ItemHoodDroneMaskShine,Shine
ItemHoodFestivalFoxMaskBase,Base
ItemHoodFestivalFoxMaskEyeLeft,Left Eye
ItemHoodFestivalFoxMaskEyeRight,Right Eye
ItemHoodFestivalFoxMaskMarkings,Markings
ItemHoodFoxHoodBase,Base
ItemHoodFoxHoodEarFuzz,Fuzz
ItemHoodFoxHoodFace,Face
ItemHoodFoxHoodInnerEar,Ear Canal
ItemHoodFoxHoodLens,Lenses
ItemHoodFoxHoodOuterEar,Ear
ItemHoodFoxyMaskLower,Lower
ItemHoodFoxyMaskUpper,Upper
ItemHoodFuturisticHelmetBase,Base
ItemHoodFuturisticHelmetDisplay,Display
ItemHoodFuturisticHelmetFrames,Frames
ItemHoodFuturisticHelmetLock,Lock
ItemHoodFuturisticHelmetMesh,Mesh
ItemHoodGGTSHelmetBase,Base
ItemHoodGGTSHelmetBolts,Bolts
ItemHoodGGTSHelmetDisplay,Display
ItemHoodGGTSHelmetFrames,Frames
ItemHoodGGTSHelmetLables_GG,Lables
ItemHoodGGTSHelmetLock,Lock
ItemHoodGGTSHelmetMesh,Mesh
ItemHoodGP9GasMaskEdges,Edges
ItemHoodGP9GasMaskLens,Lens
ItemHoodGP9GasMaskMask,Mask
ItemHoodGP9GasMaskMouth,Mouthpiece
ItemHoodHalloIIIMask,Mask
ItemHoodHalloIIIDetail1,Mask 1st detail
ItemHoodHalloIIIDetail2,Mask 2nd detail
ItemHoodHalloIIIDetail3,Mask 3rd detail
ItemHoodHalloIIIHood,Hood
ItemHoodHalloIIICollar,Collar
ItemHoodHalloIIICDetail,Collar metal
ItemHoodHalloIIIInside,Inside mask
ItemHoodHalloIIILock,Padlocks
ItemHoodHarnessCatMaskBase,Harness
ItemHoodHarnessCatMaskEarsUnder,Ears
ItemHoodHarnessCatMaskMetal,Metal
ItemHoodHeadboxSeethroughFrame,Outside
ItemHoodHeadboxSeethroughGlassInside,Inside
ItemHoodInflatableGagMaskBase,Hood
ItemHoodInflatableGagMaskLens,Lenses
ItemHoodInflatableGagMaskMetal,Metal
ItemHoodKigu2HoodMain,Face
ItemHoodKigu2HoodLenses,Lenses
ItemHoodKigu2HoodHair,Hair
ItemHoodKigu2HoodHairband,Hairband
ItemHoodKigu2HoodLips,Lips
ItemHoodKirugumiMaskBlush1,Blush
ItemHoodKirugumiMaskEyes1,Eyes
ItemHoodKirugumiMaskMask,Face
ItemHoodKirugumiMaskMouth1,Mouth
ItemHoodKittyHoodBase,Base
ItemHoodKittyHoodBlindfold,Blindfold
ItemHoodKittyHoodDisplay,Display
ItemHoodKittyHoodDrawings,Drawings
ItemHoodKittyHoodGag,Gag
ItemHoodKittyHoodLinings,Linings
ItemHoodKittyHoodLock,Lock
ItemHoodKittyHoodOpenings,Openings
ItemHoodKittyHoodPanel,Forehead Panel
ItemHoodLampHeadHoodInside,Interior
ItemHoodLampHeadHoodLamp,Exterior
ItemHoodLampHeadHoodSwitch,Switch
ItemHoodLatexBunnyBase,Hood
ItemHoodLatexBunnyInnerEar,Inner Ear
ItemHoodLatexBunnyMouth,Mouth
ItemHoodLatexBunnyNose,Nose
ItemHoodLatexBunnyOuterEar,Outer Ear
ItemHoodLatexDogMaskBase,Hood
ItemHoodLatexDogMaskCollarBand,Collar Band
ItemHoodLatexDogMaskCollarMetal,Collar Link
ItemHoodLatexDogMaskDogMouth,Mouth
ItemHoodLatexDogMaskLenses,Lenses
ItemHoodLatexDogMaskLining,Lining
ItemHoodLatexDogMaskMouthHole,Holes
ItemHoodLatexDogMaskMuzzleBase,Muzzle
ItemHoodLatexHabitBase,Shawl
ItemHoodLatexHabitCape,Shoulders
ItemHoodLatexHabitCollar,Collar
ItemHoodLatexHabitCowl,Cowl
ItemHoodLatexHoodOpenHairHair,Hair
ItemHoodLatexHoodOpenHairHood,Hood
ItemHoodLeatherHoodCollar,Collar
ItemHoodLeatherHoodHood,Hood
ItemHoodLeatherHoodSnaps,Snaps
ItemHoodOldGasMaskLenses,Blinding Lenses
ItemHoodOldGasMaskMask,Mask
ItemHoodOldGasMaskTubeA,Breathing Attachment
ItemHoodOpenMouthPlugHoodHood,Hood
ItemHoodOpenMouthPlugHoodLenses,Lenses
ItemHoodOpenMouthPlugHoodPlug,Plug
ItemHoodPantyHoodBase,Pantyhose
ItemHoodPantyHoodHairUnder,Hair
ItemHoodPumpkinHeadBack,Back
ItemHoodPumpkinHeadFront,Front
ItemHoodPaperbagStickytape,Sticky tape
ItemHoodPaperbagPoints,Points
ItemHoodPaperbagPaper,Paper
ItemHoodPaperbagPaperbag,Paperbag
ItemHoodRubberMaskMain,Face
ItemHoodRubberMaskEyebrows,Eyebrows
ItemHoodRubberMaskEyes,Eyes
ItemHoodRubberMaskIris,Iris
ItemHoodRubberMaskCheeks,Cheeks
ItemHoodRubberMaskEyelids,Eyelids
ItemHoodRubberMaskLips,Lips
ItemHoodRubberMaskWig,Wig
ItemHoodRubberMaskWigComp,Rear wig
ItemHoodRubberMaskWigAcc,Wig Accessory
ItemHoodRubberMaskGag,Gag
ItemHoodRubberMaskEarplug,Earplug
ItemHoodSensoryDeprivationHoodBase,Latex
ItemHoodSensoryDeprivationHoodEarCover,Silencer
ItemHoodSensoryDeprivationHoodLips,Lips
ItemHoodSlimeOne,Color 1
ItemHoodSlimeTwo,Color 2
ItemHoodSpaceMaskOneDetail,Details
ItemHoodSpaceMaskOneGlass,Glass
ItemHoodSpaceMaskOneHelm,Helmet
ItemHoodSpaceMaskOneShine,Shine
ItemHoodTechnoHelmet1ChinStrap,Chin Strap
ItemHoodTechnoHelmet1HelmetMain,Helmet
ItemHoodTechnoHelmet1HelmetSecondary,Side Pieces
ItemHoodTechnoHelmet1HypnoSpiral,Hypno Spiral Icon
ItemHoodTechnoHelmet1TransparentVisor,Visor
ItemHoodTransparentLatexHoodMain,Hood
ItemHoodTransparentLatexHoodHDetail,Hole detail
ItemHoodTransparentLatexHoodHair,Hair
ItemHoodVacHoodBase,Hood
ItemHoodVacHoodBase,Hood
ItemHoodVacHoodClipHose,Clipped Hose
ItemHoodVacHoodClipHose,Clipped Hose
ItemHoodVacHoodHandPump,Pump
ItemHoodVacHoodHandPump,Pump
ItemHoodVacHoodLenses,Lens
ItemHoodVacHoodLenses,Lenses
ItemHoodVacHoodPlasticClip,Clip
ItemHoodVacHoodPlasticClip,Clip
ItemHoodVacHoodRebreather,Rebreather Bag
ItemHoodVacHoodRebreather,Rebreather Bag
ItemHoodVacHoodTube,Breathing Tube
ItemHoodVacHoodTube,Breathing Tube
ItemLegsFrogtieMetalCuffsChain,Chain
ItemLegsFrogtieMetalCuffsMarks,Marks
ItemLegsFuturisticLegCuffsChain,Chain
ItemLegsFuturisticLegCuffsCuffs,Cuffs
ItemLegsFuturisticLegCuffsDisplay,Display
ItemLegsFuturisticLegCuffsLock,Lock
ItemLegsHobbleSkirtBelts,Belts
ItemLegsHobbleSkirtLatex,Skirt
ItemLegsLeatherDeluxeLegCuffsBuckets,Buckles
ItemLegsLeatherDeluxeLegCuffsChain,Chain
ItemLegsLeatherDeluxeLegCuffsCuffs,Cuffs
ItemLegsLeatherDeluxeLegCuffsLock,Lock
ItemLegsLeatherDeluxeLegCuffsRings,Edging
ItemLegsLeatherLegCuffsChain,Chain
ItemLegsLeatherLegCuffsCuffs,Cuffs
ItemLegsLeatherLegCuffsRings,Rings
ItemLegsLegBinderBelts,Belts
ItemLegsLegBinderLatex,Binder
ItemLegsMedicalBedRestraintsBase,Bed Straps
ItemLegsMedicalBedRestraintsStraps,Cuffs
ItemLegsNylonRopeLowerRope,Lower Rope
ItemLegsNylonRopeUpperRope,Upper Rope
ItemLegsOrnateLegCuffsChain,Chain
ItemLegsOrnateLegCuffsCuffs,Cuffs
ItemLegsOrnateLegCuffsGems,Gems
ItemLegsShinyLegBinderBelts,Straps
ItemLegsShinyLegBinderDetails,Details
ItemLegsShinyLegBinderLatex,Binder
ItemLegsShinyLegBinderLock,Locks
ItemLegsShinyLegBinderMetal,Buckles
ItemLegsShinyLegBinderShine,Shine
ItemLegsSlimeOne,Color 1
ItemLegsSlimeTwo,Color 2
ItemLegsSturdyLeatherBeltsLowerBelt,Lower Belt
ItemLegsSturdyLeatherBeltsLowerMetal,Lower Belt
ItemLegsSturdyLeatherBeltsUpperBelt,Upper Belt
ItemLegsSturdyLeatherBeltsUpperMetal,Upper Belt
ItemLegsTentaclesInner,Inner
ItemLegsTentaclesOuter,Outer
ItemLegsTentaclesSucker,Suckers
ItemLegsStrappedPetsuitLegsBase,Base
ItemLegsStrappedPetsuitLegsStrap1,Strap
ItemLegsStrappedPetsuitLegsStrap2,Belt
ItemLegsStrappedPetsuitLegsGloss,Shine
ItemLegsStrappedPetsuitLegsBuckles,Metal
ItemLegsStrappedPetsuitLegsLock,tLegs
ItemLegsPawPaddedPetsuitLegsBase,Base
ItemLegsPawPaddedPetsuitLegsGloss,Shine
ItemLegsPawPaddedPetsuitLegsLacingBack,Lacing Back
ItemLegsPawPaddedPetsuitLegsLacing,Lacing
ItemLegsPawPaddedPetsuitLegsLacingTrim,Lacing Trim
ItemLegsPawPaddedPetsuitLegsPaws,Paws
ItemLegsPawPaddedPetsuitLegsStraps,Straps
ItemLegsPawPaddedPetsuitLegsBuckles,Metal
ItemLegsPawPaddedPetsuitLegsLocks,Locks
ItemMiscBunPlushBase1,Base
ItemMiscBunPlushBase2,Accent
ItemMiscFoxPlushBase1,Base
ItemMiscFoxPlushBase2,Accent
ItemMiscPetPostPaw,Sticker
ItemMiscPetPostPlaque,Plaque
ItemMiscPetPostPlaqueBolts,PlaqueBolts
ItemMiscPetPostPlaqueBorder,PlaqueBorder
ItemMiscPetPostPole,Pole
ItemMiscPetPostPostit,Postit
ItemMiscPetPostText,Text
ItemMiscServingTrayDetails,Details
ItemMiscServingTrayObjects,Refreshments
ItemMiscServingTrayTray,Tray
ItemMiscWoodenSignRope,Rope
ItemMiscWoodenSignSign,Sign
ItemMiscWoodenSignText,Text
ItemMouth2AOMGagLips,Lips
ItemMouth2AOMGagStraps,Straps
ItemMouth2AOMGagMetalStraps,Metal straps
ItemMouth2AOMGagLock,Padlocks
ItemMouth2AsylumMuzzleMain,Muzzle
ItemMouth2AsylumMuzzlePad,Padded layer
ItemMouth2AsylumMuzzleMetal,Metal
ItemMouth2AsylumMuzzleLock,Padlocks
ItemMouth2BallGagBall,Ball
ItemMouth2BallGagMaskBall,Ball
ItemMouth2BallGagMaskStrap,Strap
ItemMouth2BallGagStrap,Strap
ItemMouth2BitGagBit,Bit
ItemMouth2BitGagStraps,Straps
ItemMouth2BoneGagBone,Bone
ItemMouth2BoneGagStraps,Straps
ItemMouth2CageMuzzleMuzzle,Cage
ItemMouth2CageMuzzleStrap,Straps
ItemMouth2CarrotGagCarrot,Carrot
ItemMouth2CarrotGagStraps,Straps
ItemMouth2CupholderGagCup,Cup
ItemMouth2CupholderGagGag,Gag
ItemMouth2CupholderGagHolder,Holder
ItemMouth2DildoGagDildo,Dildo
ItemMouth2DildoGagStrap,Strap
ItemMouth2DusterGagDuster,Duster
ItemMouth2DusterGagPanel,Panel
ItemMouth2FoxyHarnessPanelGagPanel,Panel
ItemMouth2FoxyHarnessPanelGagStraps,Straps
ItemMouth2FuturisticHarnessBallGagBall,Display
ItemMouth2FuturisticHarnessBallGagLight,Light
ItemMouth2FuturisticHarnessBallGagLock,Lock
ItemMouth2FuturisticHarnessBallGagMask,Ball
ItemMouth2FuturisticHarnessBallGagStraps,Straps
ItemMouth2FuturisticHarnessPanelGagBall,Display
ItemMouth2FuturisticHarnessPanelGagLight,Light
ItemMouth2FuturisticHarnessPanelGagLock,Lock
ItemMouth2FuturisticHarnessPanelGagMask,Muzzle
ItemMouth2FuturisticHarnessPanelGagStraps,Straps
ItemMouth2FuturisticMuzzleIconLock,Icon
ItemMouth2FuturisticMuzzleMask,Muzzle
ItemMouth2FuturisticMuzzleNose,Nose
ItemMouth2FuturisticMuzzleStraps,Harness
ItemMouth2FuturisticPanelGagBall,Display
ItemMouth2FuturisticPanelGagLight,Light
ItemMouth2FuturisticPanelGagLock,Lock
ItemMouth2FuturisticPanelGagMask,Muzzle
ItemMouth2GasMaskGagHighlights,Highlights
ItemMouth2GasMaskGagMask,Mask
ItemMouth2GasMaskGagSides,Sides
ItemMouth2GenitalGagGag,Gag
ItemMouth2GenitalGagDetail,Inside
ItemMouth2GenitalGagHarness,Harness
ItemMouth2GenitalGagRivets,Rivets
ItemMouth2GlueGagGlue,Glue
ItemMouth2GlueGagLips,Lips
ItemMouth2HarnessBallGag1Ball,Ball
ItemMouth2HarnessBallGag1Metal,Metal
ItemMouth2HarnessBallGag1Strap,Strap
ItemMouth2HarnessBallGagBall,Ball
ItemMouth2HarnessBallGagHarness,Harness
ItemMouth2HarnessPacifierGagHarness,Harness Straps
ItemMouth2HarnessPacifierGagMetal,Metal Parts
ItemMouth2HarnessPacifierGagPacifierInner,Pacifier Ring
ItemMouth2HarnessPacifierGagPacifierOuter,Pacifier
ItemMouth2HarnessPanelGagMetal,Metal
ItemMouth2HarnessPanelGagPanel,Panel
ItemMouth2HarnessPanelGagStraps,Straps
ItemMouth2HarnessPonyBitsBobble,Bobble
ItemMouth2HarnessPonyBitsMetal,Metal
ItemMouth2HarnessPonyBitsStraps,Straps
ItemMouth2HorrorMuzzleMuzzle,Muzzle
ItemMouth2HorrorMuzzleRivets,Rivets
ItemMouth2KittyGagBase,Base
ItemMouth2KittyGagLines,Lines
ItemMouth2KittyGagMouth,Mouth
ItemMouth2KittyHarnessPanelGagLines,Lines
ItemMouth2KittyHarnessPanelGagMouth,Mouth
ItemMouth2KittyHarnessPanelGagPanel,Panel
ItemMouth2KittyHarnessPanelGagStraps,Straps
ItemMouth2KittyMuzzleGagLines,Lines
ItemMouth2KittyMuzzleGagMouth,Mouth
ItemMouth2KittyMuzzleGagMuzzle,Muzzle
ItemMouth2KittyMuzzleGagStraps,Straps
ItemMouth2LatexMuzzleMaskBase,Mask
ItemMouth2LatexMuzzleMaskBaseLoose,Mask Loose
ItemMouth2LatexMuzzleMaskBaseShine,Mask Shine
ItemMouth2LatexMuzzleMaskPanel,Panel
ItemMouth2LatexMuzzleMaskPanelShine,Panel Shine
ItemMouth2LatexMuzzleMaskStraps,Straps
ItemMouth2LatexMuzzleMaskStrapsBuckles,Straps Buckles
ItemMouth2LatexRespiratorBase,Base
ItemMouth2LatexRespiratorFilter,Tubes
ItemMouth2LatexRespiratorFilterFixing,Fixing
ItemMouth2LatexRespiratorFilterGlow,Glow
ItemMouth2LatexRespiratorRoundedShine,Shine
ItemMouth2LatexRespiratorStraps,Straps
ItemMouth2LipGagLips,Lips
ItemMouth2LipGagRings,Rings
ItemMouth2LipGagStraps,Straps
ItemMouth2MedicalMaskInner,Inner
ItemMouth2MedicalMaskOuter,Outer
ItemMouth2ModularGagGBall,Ball
ItemMouth2ModularGagGBit,Bit
ItemMouth2ModularGagGRing,Ring
ItemMouth2ModularGagLock,Lock
ItemMouth2ModularGagMBase,Metal
ItemMouth2ModularGagSBase,Straps
ItemMouth2ModularGagEPony,Pony
ItemMouth2MouthFeatureGagBase,Mouth
ItemMouth2MouthFeatureGagPanel,Panel
ItemMouth2MouthFeatureGagPanelShine,Panel Shine
ItemMouth2MouthFeatureGagShine,Mouth Shine
ItemMouth2MuzzleGagMuzzle,Muzzle
ItemMouth2MuzzleGagStraps,Straps
ItemMouth2PaciGagBase,Pacifier
ItemMouth2PaciGagMetal,Buckles
ItemMouth2PaciGagStraps,Straps
ItemMouth2PaddedFaceMaskBaseThin,Mask
ItemMouth2PaddedFaceMaskHeart,Pattern
ItemMouth2PaddedFaceMaskTrimThin,Trim
ItemMouth2PantiesMaskDarkStripes,Dark Stripes
ItemMouth2PantiesMaskLightStripes,Light Stripes
ItemMouth2PonyGagBallgag,Ballgag
ItemMouth2PonyGagBaseMetal,Metal
ItemMouth2PonyGagBaseStraps,Straps
ItemMouth2PonyGagBitLarge,Rubber Bit
ItemMouth2PonyGagBlinders,Blinders
ItemMouth2PonyGagDildo,Dildo
ItemMouth2PonyGagFlags,Flags
ItemMouth2PonyGagHorn,Horn
ItemMouth2PonyGagManeB,ManeBase
ItemMouth2PonyGagManeL,Mane
ItemMouth2PonyGagPanelBase,Panel
ItemMouth2PonyGagPanelHex,Ornament
ItemMouth2PonyGagPlume,Plume
ItemMouth2PonyGagPost,Post
ItemMouth2PonyGagReins,Reins
ItemMouth2PonyGagRope,Rope
ItemMouth2PrisonLockdownGagBelts,Belts
ItemMouth2PrisonLockdownGagMask,Mask
ItemMouth2PrisonLockdownGagStraps,Straps
ItemMouth2PumpkinGagPumpkin,Pumpkin
ItemMouth2PumpkinGagRings,Rings
ItemMouth2PumpkinGagStraps,Straps
ItemMouth2ShoeGagShoe,Shoe
ItemMouth2ShoeGagStrap,Strap
ItemMouth2StitchesFakeMouth,Lips
ItemMouth2StitchesStraight,Thread
ItemMouth2WiffleGagBall,Ball
ItemMouth2WiffleGagStrap,Strap
ItemMouth2XLBoneGagBone,Bone
ItemMouth2XLBoneGagStraps,Straps
ItemMouth2XmasStickerGagMain,Main sticker
ItemMouth2XmasStickerGagText,Sticker text
ItemMouth2XmasStickerGagBorder,Sticker border
ItemMouth3AOMGagLips,Lips
ItemMouth3AOMGagStraps,Straps
ItemMouth3AOMGagMetalStraps,Metal straps
ItemMouth3AOMGagLock,Padlocks
ItemMouth3AsylumMuzzleMain,Muzzle
ItemMouth3AsylumMuzzlePad,Padded layer
ItemMouth3AsylumMuzzleMetal,Metal
ItemMouth3AsylumMuzzleLock,Padlocks
ItemMouth3BallGagBall,Ball
ItemMouth3BallGagMaskBall,Ball
ItemMouth3BallGagMaskStrap,Strap
ItemMouth3BallGagStrap,Strap
ItemMouth3BitGagBit,Bit
ItemMouth3BitGagStraps,Straps
ItemMouth3BoneGagBone,Bone
ItemMouth3BoneGagStraps,Straps
ItemMouth3CageMuzzleMuzzle,Cage
ItemMouth3CageMuzzleStrap,Straps
ItemMouth3CarrotGagCarrot,Carrot
ItemMouth3CarrotGagStraps,Straps
ItemMouth3CupholderGagCup,Cup
ItemMouth3CupholderGagGag,Gag
ItemMouth3CupholderGagHolder,Holder
ItemMouth3DildoGagDildo,Dildo
ItemMouth3DildoGagStrap,Strap
ItemMouth3DusterGagDuster,Duster
ItemMouth3DusterGagPanel,Panel
ItemMouth3FoxyHarnessPanelGagPanel,Panel
ItemMouth3FoxyHarnessPanelGagStraps,Straps
ItemMouth3FuturisticHarnessBallGagBall,Display
ItemMouth3FuturisticHarnessBallGagLight,Light
ItemMouth3FuturisticHarnessBallGagLock,Lock
ItemMouth3FuturisticHarnessBallGagMask,Ball
ItemMouth3FuturisticHarnessBallGagStraps,Straps
ItemMouth3FuturisticHarnessPanelGagBall,Display
ItemMouth3FuturisticHarnessPanelGagLight,Light
ItemMouth3FuturisticHarnessPanelGagLock,Lock
ItemMouth3FuturisticHarnessPanelGagMask,Muzzle
ItemMouth3FuturisticHarnessPanelGagStraps,Straps
ItemMouth3FuturisticMuzzleIconLock,Icon
ItemMouth3FuturisticMuzzleMask,Muzzle
ItemMouth3FuturisticMuzzleNose,Nose
ItemMouth3FuturisticMuzzleStraps,Harness
ItemMouth3FuturisticPanelGagBall,Display
ItemMouth3FuturisticPanelGagLight,Light
ItemMouth3FuturisticPanelGagLock,Lock
ItemMouth3FuturisticPanelGagMask,Muzzle
ItemMouth3GasMaskGagHighlights,Highlights
ItemMouth3GasMaskGagMask,Mask
ItemMouth3GasMaskGagSides,Sides
ItemMouth3HarnessBallGag1Ball,Ball
ItemMouth3HarnessBallGag1Metal,Metal
ItemMouth3HarnessBallGag1Strap,Strap
ItemMouth3HarnessBallGagBall,Ball
ItemMouth3HarnessBallGagHarness,Harness
ItemMouth3HarnessPacifierGagHarness,Harness Straps
ItemMouth3HarnessPacifierGagMetal,Metal Parts
ItemMouth3HarnessPacifierGagPacifierInner,Pacifier Ring
ItemMouth3HarnessPacifierGagPacifierOuter,Pacifier
ItemMouth3HarnessPanelGagMetal,Metal
ItemMouth3HarnessPanelGagPanel,Panel
ItemMouth3HarnessPanelGagStraps,Straps
ItemMouth3HarnessPonyBitsBobble,Bobble
ItemMouth3HarnessPonyBitsMetal,Metal
ItemMouth3HarnessPonyBitsStraps,Straps
ItemMouth3HorrorMuzzleMuzzle,Muzzle
ItemMouth3HorrorMuzzleRivets,Rivets
ItemMouth3KittyGagBase,Base
ItemMouth3KittyGagLines,Lines
ItemMouth3KittyGagMouth,Mouth
ItemMouth3KittyHarnessPanelGagLines,Lines
ItemMouth3KittyHarnessPanelGagMouth,Mouth
ItemMouth3KittyHarnessPanelGagPanel,Panel
ItemMouth3KittyHarnessPanelGagStraps,Straps
ItemMouth3KittyMuzzleGagLines,Lines
ItemMouth3KittyMuzzleGagMouth,Mouth
ItemMouth3KittyMuzzleGagMuzzle,Muzzle
ItemMouth3KittyMuzzleGagStraps,Straps
ItemMouth3LatexMuzzleMaskBase,Mask
ItemMouth3LatexMuzzleMaskBaseLoose,Mask Loose
ItemMouth3LatexMuzzleMaskBaseShine,Mask Shine
ItemMouth3LatexMuzzleMaskPanel,Panel
ItemMouth3LatexMuzzleMaskPanelShine,Panel Shine
ItemMouth3LatexMuzzleMaskStraps,Straps
ItemMouth3LatexMuzzleMaskStrapsBuckles,Straps Buckles
ItemMouth3LatexRespiratorBase,Base
ItemMouth3LatexRespiratorFilter,Tubes
ItemMouth3LatexRespiratorFilterFixing,Fixing
ItemMouth3LatexRespiratorFilterGlow,Glow
ItemMouth3LatexRespiratorRoundedShine,Shine
ItemMouth3LatexRespiratorStraps,Straps
ItemMouth3LipGagLips,Lips
ItemMouth3LipGagRings,Rings
ItemMouth3LipGagStraps,Straps
ItemMouth3MedicalMaskInner,Inner
ItemMouth3MedicalMaskOuter,Outer
ItemMouth3ModularGagGBall,Ball
ItemMouth3ModularGagGBit,Bit
ItemMouth3ModularGagGRing,Ring
ItemMouth3ModularGagLock,Lock
ItemMouth3ModularGagMBase,Metal
ItemMouth3ModularGagSBase,Straps
ItemMouth3ModularGagEPony,Pony
ItemMouth3MouthFeatureGagBase,Mouth
ItemMouth3MouthFeatureGagPanel,Panel
ItemMouth3MouthFeatureGagPanelShine,Panel Shine
ItemMouth3MouthFeatureGagShine,Mouth Shine
ItemMouth3MuzzleGagMuzzle,Muzzle
ItemMouth3MuzzleGagStraps,Straps
ItemMouth3PaciGagBase,Pacifier
ItemMouth3PaciGagMetal,Buckles
ItemMouth3PaciGagStraps,Straps
ItemMouth3PaddedFaceMaskBaseThin,Mask
ItemMouth3PaddedFaceMaskHeart,Pattern
ItemMouth3PaddedFaceMaskTrimThin,Trim
ItemMouth3PantiesMaskDarkStripes,Dark Stripes
ItemMouth3PantiesMaskLightStripes,Light Stripes
ItemMouth3PonyGagBallgag,Ballgag
ItemMouth3PonyGagBaseMetal,Metal
ItemMouth3PonyGagBaseStraps,Straps
ItemMouth3PonyGagBitLarge,Rubber Bit
ItemMouth3PonyGagBlinders,Blinders
ItemMouth3PonyGagDildo,Dildo
ItemMouth3PonyGagFlags,Flags
ItemMouth3PonyGagHorn,Horn
ItemMouth3PonyGagManeB,ManeBase
ItemMouth3PonyGagManeL,Mane
ItemMouth3PonyGagPanelBase,Panel
ItemMouth3PonyGagPanelHex,Ornament
ItemMouth3PonyGagPlume,Plume
ItemMouth3PonyGagPost,Post
ItemMouth3PonyGagReins,Reins
ItemMouth3PonyGagRope,Rope
ItemMouth3PrisonLockdownGagBelts,Belts
ItemMouth3PrisonLockdownGagMask,Mask
ItemMouth3PrisonLockdownGagStraps,Straps
ItemMouth3PumpkinGagPumpkin,Pumpkin
ItemMouth3PumpkinGagRings,Rings
ItemMouth3PumpkinGagStraps,Straps
ItemMouth3ShoeGagShoe,Shoe
ItemMouth3ShoeGagStrap,Strap
ItemMouth3StitchesFakeMouth,Lips
ItemMouth3StitchesStraight,Thread
ItemMouth3WiffleGagBall,Ball
ItemMouth3WiffleGagStrap,Strap
ItemMouth3XLBoneGagBone,Bone
ItemMouth3XLBoneGagStraps,Straps
ItemMouth3XmasStickerGagMain,Main sticker
ItemMouth3XmasStickerGagText,Sticker text
ItemMouth3XmasStickerGagBorder,Sticker border
ItemMouthAOMGagLips,Lips
ItemMouthAOMGagStraps,Straps
ItemMouthAOMGagMetalStraps,Metal straps
ItemMouthAOMGagLock,Padlocks
ItemMouthAsylumMuzzleMain,Muzzle
ItemMouthAsylumMuzzlePad,Padded layer
ItemMouthAsylumMuzzleMetal,Metal
ItemMouthAsylumMuzzleLock,Padlocks
ItemMouthBallBase,Ball
ItemMouthBallGagBall,Ball
ItemMouthBallGagMaskBall,Ball
ItemMouthBallGagMaskStrap,Strap
ItemMouthBallGagStrap,Strap
ItemMouthBallStripes,Stripes
ItemMouthBambooGagRod,Rod
ItemMouthBambooGagRope,Rope
ItemMouthBigMouthDefault,Default
ItemMouthBigMouthGrin,Grin
ItemMouthBigMouthOpen,Open
ItemMouthBigMouthSerious,Serious
ItemMouthBitGagBit,Bit
ItemMouthBitGagStraps,Straps
ItemMouthBishopGagBall,Ball
ItemMouthBishopGagStrapRings,Metal
ItemMouthBishopGagStrap,Strap
ItemMouthBishopGagPanel,Panel
ItemMouthBishopGagLock,Lock
ItemMouthBoneGagBone,Bone
ItemMouthBoneGagStraps,Straps
ItemMouthCageMuzzleMuzzle,Cage
ItemMouthCageMuzzleStrap,Straps
ItemMouthCarrotGagCarrot,Carrot
ItemMouthCarrotGagStraps,Straps
ItemMouthCigaretteSmokeInMouth,Smoke
ItemMouthCigaretteLitInMouth,Lit
ItemMouthCigaretteFilterInMouth,Filter
ItemMouthCigarettePaperInMouth,Paper
ItemMouthCompGagFoamBall,Foam ball
ItemMouthCompGagUnderFoam,Under foam tape
ItemMouthCompGagRubberGlue,Rubber glue
ItemMouthCompGagRubberTape,Rubber tape
ItemMouthCompGagMStrip,Metal strip
ItemMouthCompGagSStrip,Screw strip
ItemMouthCompGagFoam,External foam tape
ItemMouthCompGagLStrip,Padlocks
ItemMouthCupholderGagCup,Cup
ItemMouthCupholderGagGag,Gag
ItemMouthCupholderGagHolder,Holder
ItemMouthDildoGagDildo,Dildo
ItemMouthDildoGagStrap,Strap
ItemMouthDildoPlugGagClose,Close
ItemMouthDildoPlugGagStrap,Strap
ItemMouthDusterGagDuster,Duster
ItemMouthDusterGagPanel,Panel
ItemMouthFoxyHarnessPanelGagPanel,Panel
ItemMouthFoxyHarnessPanelGagStraps,Straps
ItemMouthFuturisticHarnessBallGagBall,Display
ItemMouthFuturisticHarnessBallGagLight,Light
ItemMouthFuturisticHarnessBallGagLock,Lock
ItemMouthFuturisticHarnessBallGagMask,Ball
ItemMouthFuturisticHarnessBallGagStraps,Straps
ItemMouthFuturisticHarnessPanelGagBall,Display
ItemMouthFuturisticHarnessPanelGagLight,Light
ItemMouthFuturisticHarnessPanelGagLock,Lock
ItemMouthFuturisticHarnessPanelGagMask,Muzzle
ItemMouthFuturisticHarnessPanelGagStraps,Straps
ItemMouthFuturisticMuzzleIconLock,Icon
ItemMouthFuturisticMuzzleMask,Muzzle
ItemMouthFuturisticMuzzleNose,Nose
ItemMouthFuturisticMuzzleStraps,Harness
ItemMouthFuturisticPanelGagBall,Display
ItemMouthFuturisticPanelGagLight,Light
ItemMouthFuturisticPanelGagLock,Lock
ItemMouthFuturisticPanelGagMask,Muzzle
ItemMouthGasMaskGagHighlights,Highlights
ItemMouthGasMaskGagMask,Mask
ItemMouthGasMaskGagSides,Sides
ItemMouthGenitalGagGag,Gag
ItemMouthGenitalGagDetail,Inside
ItemMouthGenitalGagHarness,Harness
ItemMouthGenitalGagRivets,Rivets
ItemMouthGlueGagGlue,Glue
ItemMouthGlueGagLips,Lips
ItemMouthHarnessBallGag1Ball,Ball
ItemMouthHarnessBallGag1Metal,Metal
ItemMouthHarnessBallGag1Strap,Strap
ItemMouthHarnessBallGagBall,Ball
ItemMouthHarnessBallGagHarness,Harness
ItemMouthHarnessPacifierGagHarness,Harness Straps
ItemMouthHarnessPacifierGagMetal,Metal Parts
ItemMouthHarnessPacifierGagPacifierInner,Pacifier Ring
ItemMouthHarnessPacifierGagPacifierOuter,Pacifier
ItemMouthHarnessPanelGagMetal,Metal
ItemMouthHarnessPanelGagPanel,Panel
ItemMouthHarnessPanelGagStraps,Straps
ItemMouthHarnessPonyBitsBobble,Bobble
ItemMouthHarnessPonyBitsMetal,Metal
ItemMouthHarnessPonyBitsStraps,Straps
ItemMouthHorrorMuzzleMuzzle,Muzzle
ItemMouthHorrorMuzzleRivets,Rivets
ItemMouthKittyGagBase,Base
ItemMouthKittyGagLines,Lines
ItemMouthKittyGagMouth,Mouth
ItemMouthKittyHarnessPanelGagLines,Lines
ItemMouthKittyHarnessPanelGagMouth,Mouth
ItemMouthKittyHarnessPanelGagPanel,Panel
ItemMouthKittyHarnessPanelGagStraps,Straps
ItemMouthKittyMuzzleGagLines,Lines
ItemMouthKittyMuzzleGagMouth,Mouth
ItemMouthKittyMuzzleGagMuzzle,Muzzle
ItemMouthKittyMuzzleGagStraps,Straps
ItemMouthLatexMuzzleMaskBase,Mask
ItemMouthLatexMuzzleMaskBaseLoose,Mask Loose
ItemMouthLatexMuzzleMaskBaseShine,Mask Shine
ItemMouthLatexMuzzleMaskPanel,Panel
ItemMouthLatexMuzzleMaskPanelShine,Panel Shine
ItemMouthLatexMuzzleMaskStraps,Straps
ItemMouthLatexMuzzleMaskStrapsBuckles,Straps Buckles
ItemMouthLatexRespiratorBase,Base
ItemMouthLatexRespiratorFilter,Tubes
ItemMouthLatexRespiratorFilterFixing,Fixing
ItemMouthLatexRespiratorFilterGlow,Glow
ItemMouthLatexRespiratorRoundedShine,Shine
ItemMouthLatexRespiratorStraps,Straps
ItemMouthLatexSheathGagBase,Mouth
ItemMouthLatexSheathGagShine,Mouth Shine
ItemMouthLipGagLips,Lips
ItemMouthLipGagRings,Rings
ItemMouthLipGagStraps,Straps
ItemMouthMedicalMaskInner,Inner
ItemMouthMedicalMaskOuter,Outer
ItemMouthModularGagGBall,Ball
ItemMouthModularGagGBit,Bit
ItemMouthModularGagGRing,Ring
ItemMouthModularGagLock,Lock
ItemMouthModularGagMBase,Metal
ItemMouthModularGagSBase,Straps
ItemMouthModularGagEPony,Pony
ItemMouthMouthFeatureGagBase,Mouth
ItemMouthMouthFeatureGagPanel,Panel
ItemMouthMouthFeatureGagPanelShine,Panel Shine
ItemMouthMouthFeatureGagShine,Mouth Shine
ItemMouthMuzzleGagMuzzle,Muzzle
ItemMouthMuzzleGagStraps,Straps
ItemMouthOTNPlugGagBase,Base
ItemMouthOTNPlugGagPlug,Plug
ItemMouthOTNPlugGagStraps,Straps
ItemMouthOTNPlugGagMetal,Metal
ItemMouthPaciGagBase,Pacifier
ItemMouthPaciGagMetal,Buckles
ItemMouthPaciGagStraps,Straps
ItemMouthPaddedFaceMaskBaseThin,Mask
ItemMouthPaddedFaceMaskHeart,Pattern
ItemMouthPaddedFaceMaskTrimThin,Trim
ItemMouthPantiesMaskDarkStripes,Dark Stripes
ItemMouthPantiesMaskLightStripes,Light Stripes
ItemMouthPonyGagBallgag,Ballgag
ItemMouthPonyGagBaseMetal,Metal
ItemMouthPonyGagBaseStraps,Straps
ItemMouthPonyGagBitLarge,Rubber Bit
ItemMouthPonyGagBlinders,Blinders
ItemMouthPonyGagDildo,Dildo
ItemMouthPonyGagFlags,Flags
ItemMouthPonyGagHorn,Horn
ItemMouthPonyGagManeB,ManeBase
ItemMouthPonyGagManeL,Mane
ItemMouthPonyGagPanelBase,Panel
ItemMouthPonyGagPanelHex,Ornament
ItemMouthPonyGagPlume,Plume
ItemMouthPonyGagPost,Post
ItemMouthPonyGagReins,Reins
ItemMouthPonyGagRope,Rope
ItemMouthPrisonLockdownGagBelts,Belts
ItemMouthPrisonLockdownGagMask,Mask
ItemMouthPrisonLockdownGagStraps,Straps
ItemMouthPumpkinGagPumpkin,Pumpkin
ItemMouthPumpkinGagRings,Rings
ItemMouthPumpkinGagStraps,Straps
ItemMouthPumpkinHarnessGagEyes,Eyes
ItemMouthPumpkinHarnessGagMetal,Metal
ItemMouthPumpkinHarnessGagPumpkin,Pumpkin
ItemMouthPumpkinHarnessGagStraps,Straps
ItemMouthQualityHarnessGagBall,Ball
ItemMouthQualityHarnessGagBallShine,Ball Shine
ItemMouthQualityHarnessGagRing,Ring
ItemMouthQualityHarnessGagStraps,Straps
ItemMouthQualityHarnessGagMetal,Metal
ItemMouthRoseBallGagRose,Rose
ItemMouthRoseBallGagMetal,Metal
ItemMouthRoseBallGagStraps,Straps
ItemMouthShoeGagShoe,Shoe
ItemMouthShoeGagStrap,Strap
ItemMouthStitchesFakeMouth,Lips
ItemMouthStitchesStraight,Thread
ItemMouthTechnoGagBase,Base
ItemMouthTechnoGagPlastic,Plastic
ItemMouthTechnoGagShine,Shine
ItemMouthTechnoGagStraps,Straps
ItemMouthTonguePiercingGagBitGag,BitGag
ItemMouthTonguePiercingGagBitGag2,BitGag 2
ItemMouthTonguePiercingGagClothesPeg,Clothes Peg
ItemMouthTonguePiercingGagGagRing,Tongue ring
ItemMouthTonguePiercingGagGagRingBells,Bells
ItemMouthTonguePiercingGagGagRingChain,Collar Chain
ItemMouthTonguePiercingGagHook,Hook
ItemMouthTonguePiercingGagMetal,Metal
ItemMouthTonguePiercingGagMouthRing,Mouth Ring
ItemMouthTonguePiercingGagNail,Nail
ItemMouthTonguePiercingGagPadlockGag,Padlock
ItemMouthTonguePiercingGagStrap,Strap
ItemMouthTonguePiercingGagTeeth,Teeth
ItemMouthTonguePiercingGagTongue,Tongue
ItemMouthWiffleGagBall,Ball
ItemMouthWiffleGagStrap,Strap
ItemMouthXLBoneGagBone,Bone
ItemMouthXLBoneGagStraps,Straps
ItemMouthXmasStickerGagMain,Main sticker
ItemMouthXmasStickerGagText,Sticker text
ItemMouthXmasStickerGagBorder,Sticker border
ItemMouthPremiumMuzzleMain,Main
ItemMouthPremiumMuzzleVertStrap,Main Strap
ItemMouthPremiumMuzzleRivets,Rivets
ItemMouthPremiumMuzzleCrossStraps,Cross Straps
ItemMouthPremiumMuzzleCrossStrapsBuckles,Cross Straps Buckles
ItemMouthPremiumMuzzleMuzzle,Extra Muzzle
ItemMouthPremiumMuzzleMuzzleStraps,Extra Muzzle Straps
ItemMouthOverfilledGagClothmask,Cloth mask
ItemMouthOverfilledGagPanties,Stuffing
ItemMouthOverfilledGagTape1,Tape
ItemMouthBallGag2BasicStrap,Strap
ItemMouthBallGag2RegularSizeBall,Ball
ItemNeckAccessoriesCollarButterflyMetal,Metal
ItemNeckAccessoriesCollarButterflyStones,Jewels
ItemNeckAccessoriesCollarRoseAmuletMetal,Metal
ItemNeckAccessoriesCollarRoseAmuletPetals,Petals
ItemNeckAccessoriesCustomCollarTagTag,Tag
ItemNeckAccessoriesCustomCollarTagText,Text
ItemNeckAccessoriesElectronicTagDisplay,Display
ItemNeckAccessoriesElectronicTagTag,Tag
ItemNeckAccessoriesElectronicTagText,Text
ItemNeckAsylumCollarMain,Collar
ItemNeckAsylumCollarPad,Padded layer
ItemNeckAsylumCollarMetal,Metal
ItemNeckAsylumCollarLock,Padlock
ItemNeckBonedNeckCorsetBase,Base
ItemNeckBonedNeckCorsetRing,Ring
ItemNeckBonedNeckCorsetShine,Shine
ItemNeckBonedNeckCorsetStripes,Stripes
ItemNeckBonedNeckCorsetStripesShine,Stripes Shine
ItemNeckChainCollarChain,Chain
ItemNeckChainCollarLockBodyHeart,Lock Body Heart
ItemNeckChainCollarLockBodyPlain,Lock Body Plain
ItemNeckComboHarnessBall,Ball
ItemNeckComboHarnessBuckles,Buckles
ItemNeckComboHarnessHarness,Harness
ItemNeckComboHarnessRing,Ring
ItemNeckComboHarnessStuds,Studs
ItemNeckExtendablePostureCollarBase,Base
ItemNeckExtendablePostureCollarEyeShade,Eye Shade
ItemNeckExtendablePostureCollarGag,Gag
ItemNeckExtendablePostureCollarGagWires,Wires
ItemNeckExtendablePostureCollarHood,Hood
ItemNeckExtendablePostureCollarStencil,Stencil
ItemNeckFuturisticCollarBand,Band
ItemNeckFuturisticCollarDisplay,Display
ItemNeckFuturisticCollarLock,Lock
ItemNeckFuturisticCollarMesh,Mesh (for copying to items)
ItemNeckGothicCollarCollar,Collar
ItemNeckGothicCollarFlowers,Flowers
ItemNeckGothicCollarJewels,Jewels
ItemNeckGothicCollarMetal,Metal
ItemNeckGothicCollarOrnaments,Ornaments
ItemNeckHeartLinkChokerHeartLink,Heart Link
ItemNeckHeartLinkChokerLeatherStrap,Leather Strap
ItemNeckHighCollarLeather,Leather
ItemNeckHighCollarRings,Rings
ItemNeckHighStyleSteelCollarCollar,Collar
ItemNeckHighStyleSteelCollarPanel,Panel
ItemNeckLatexRingCollarBase,Base
ItemNeckLatexRingCollarPatch,Patch
ItemNeckLatexRingCollarRing,Ring
ItemNeckLatexRingCollarShine,Shine
ItemNeckLatexRingCollarTrim,Trim
ItemNeckLeatherChokerLeather,Leather
ItemNeckLeatherChokerMetal,Metal
ItemNeckLeatherCollarCollar,Collar
ItemNeckLeatherCollarRing,Ring
ItemNeckLeatherDeluxeCollarBuckets,Buckles
ItemNeckLeatherDeluxeCollarCollar,Collar
ItemNeckLeatherDeluxeCollarLock,Lock
ItemNeckLeatherDeluxeCollarRings,Edging
ItemNeckMaidCollarBrooch,Brooch
ItemNeckMaidCollarCollar,Collar
ItemNeckMaidCollarFrills,Frills
ItemNeckOrnateCollarCollar,Collar
ItemNeckOrnateCollarGem,Gems
ItemNeckPaddedBeltCollarBase,Base
ItemNeckPaddedBeltCollarBelt,Belt
ItemNeckPaddedBeltCollarLock,Padlock
ItemNeckPaddedBeltCollarMetal,Metal
ItemNeckPaddedBeltCollarPadding,Padding
ItemNeckPaddedBeltCollarTrim,Trim
ItemNeckPetSuitShockCollarBuckles,Buckles
ItemNeckPetSuitShockCollarCollar,Collar
ItemNeckPostureCollarCollar,Collar
ItemNeckPostureCollarRing1,Middle Ring
ItemNeckPostureCollarRing2,Left Ring
ItemNeckPostureCollarRing3,Right Ring
ItemNeckRestraintsChainLeashClip,Clip
ItemNeckRestraintsChainLeashHandle,Handle
ItemNeckRestraintsChainLeashLeash,Leash
ItemNeckRestraintsChokeChainChain,Chain
ItemNeckRestraintsChokeChainPadlock,Padlock
ItemNeckRestraintsCollarLeashClip,Clip
ItemNeckRestraintsCollarLeashHandle,Handle
ItemNeckRestraintsCollarLeashLeash,Leash
ItemNeckRestraintsCollarRopeLongPlate,Plate
ItemNeckRestraintsCollarRopeLongRope,Rope
ItemNeckRestraintsCollarRopeMediumPlate,Plate
ItemNeckRestraintsCollarRopeMediumRope,Rope
ItemNeckRestraintsCollarRopeShortPlate,Plate
ItemNeckRestraintsCollarRopeShortRope,Rope
ItemNeckRestraintsMCuffCollarCollar,Cuff collar
ItemNeckRestraintsMCuffCollarHandcuffs,Handcuffs
ItemNeckRestraintsMCuffCollarHChains,Handcuffs chains
ItemNeckRestraintsMCuffCollarLeash,Leash
ItemNeckRestraintsMCuffCollarHandle,Leash handle
ItemNeckRestraintsPetPostChain,Chain
ItemNeckRestraintsPetPostLeash,Leash
ItemNeckRestraintsPetPostPaw,Sticker
ItemNeckRestraintsPetPostPlaque,Plaque
ItemNeckRestraintsPetPostPlaqueBolts,PlaqueBolts
ItemNeckRestraintsPetPostPlaqueBorder,PlaqueBorder
ItemNeckRestraintsPetPostPole,Pole
ItemNeckRestraintsPetPostPostit,Postit
ItemNeckRestraintsPetPostRope,Rope
ItemNeckRestraintsPetPostText,Text
ItemNeckRestraintsPostBase,Baseplate
ItemNeckRestraintsPostChain,Chain
ItemNeckRestraintsPostHead,Cap
ItemNeckRestraintsPostPost,Post
ItemNeckShinySteelCollarCollar,Collar
ItemNeckShinySteelCollarRing,Ring
ItemNeckSpikedChokerBase,Base
ItemNeckSpikedChokerRing,Ring
ItemNeckSpikedChokerShine,Shine
ItemNeckSpikedChokerSpikes,Spikes
ItemNeckSSpikedCollarCollar,Collar
ItemNeckSSpikedCollarPadlock,Padlock
ItemNeckTechnoCollarSlenderCollarBase,Collar
ItemNeckTechnoCollarSlenderCollarSides,Side Plates
ItemNeckMoonCollarBase,Base
ItemNeckMoonCollarSuns,Suns
ItemNeckMoonCollarCentermoon,Center Moon
ItemNeckSunCollarBase,Base
ItemNeckSunCollarMoons,Moons
ItemNeckSunCollarCentersun,Center Sun
ItemNeckSteampunkCollarCollar,Leather parts
ItemNeckSteampunkCollarCMetal,Metal parts
ItemNeckSteampunkCollarStLock,Padlocks
ItemNeckSteampunkCollarGag,Inner gag
ItemNeckSteampunkCollarGMetal,Gag metal
ItemNeckSteampunkCollarCover,Cover gag
ItemNeckSteampunkCollarSpike,Spike collar
ItemNeckSteampunkCollarRing,Collar main ring
ItemNeckRibbonCollarMain,Main
ItemNeckRibbonCollarMainRibbon,Middle Ribbon
ItemNeckRibbonCollarSideRibbons,Side Ribbons
ItemNeckRibbonCollarChain,Chain
ItemNipplesChainClampChain,Chain
ItemNipplesChainClampClamp,Clamps
ItemNipplesChainClampMetal,Metal
ItemNipplesNippleClamps2Metal,Metal
ItemNipplesNippleClamps2RubberTips,Rubber Tips
ItemNipplesPiercingsNecklacePiercingChainChain,Chain
ItemNipplesPiercingsNecklacePiercingChainHeart,Heart
ItemNipplesPiercingsNecklacePiercingChainPiercing,Piercing
ItemNipplesPiercingsRoundPiercingChain,Chain
ItemNipplesPiercingsRoundPiercingPiercings,Piercings
ItemNipplesPiercingsRoundPiercingWeights,Weights
ItemNipplesPiercingsVibeHeartPiercingsHeart,Heart
ItemNipplesPiercingsVibeHeartPiercingsRing,Ring
ItemNipplesStretchCloversClamps,Clamps
ItemNipplesStretchCloversFrame,Frame
ItemNipplesTapedVibeEggsEgg1,Left Vibe Egg
ItemNipplesTapedVibeEggsEgg2,Right Vibe Egg
ItemNipplesTapedVibeEggsTape1,Left Tape Strip
ItemNipplesTapedVibeEggsTape2,Right Tape Strip
ItemNipplesXmasBellBell,Bell
ItemNipplesXmasBellBow,Bow
ItemNoseNoseClipClip,Clip
ItemNoseNoseClipRod,Rod
ItemNoseNoseClipSkin,Nose
ItemNoseNoseHookBand,Strap
ItemNoseNoseHookHook,Hook
ItemNosePigNoseHookBand,Band
ItemNosePigNoseHookHook,Hook
ItemNosePigNoseNose,Nose
ItemNosePigNoseStrap,Strap
ItemPelvisBulkyDiaperBase,Diaper
ItemPelvisBulkyDiaperCrotchPiece,Crotch Padding
ItemPelvisBulkyDiaperTape,Tape
ItemPelvisBulkyDiaperWaistBand,Waist Band
ItemPelvisBulkyDiaperGradient,Gradient
ItemPelvisFemPelvisHarnessMain,Main
ItemPelvisFemPelvisHarnessMetal,Metal
ItemPelvisFemPelvisHarnessLock,Lock
ItemPelvisForbiddenChastityBeltBelt,Belt
ItemPelvisForbiddenChastityBeltDetail,Detail
ItemPelvisForbiddenChastityBeltMetal,Metal
ItemPelvisFuturisticChastityBeltBand_2,Band
ItemPelvisFuturisticChastityBeltBelt,Front
ItemPelvisFuturisticChastityBeltLock,Lock
ItemPelvisFuturisticChastityBeltMesh,Mesh
ItemPelvisFuturisticChastityBeltMesh2_3,Padding
ItemPelvisFuturisticChastityBeltPlug_4,Plug
ItemPelvisFuturisticChastityBeltPlugCap,Plug Cap
ItemPelvisFuturisticChastityBeltScreen,Screen
ItemPelvisFuturisticChastityBeltStrap_4,Strap
ItemPelvisFuturisticTrainingBeltBand,Band
ItemPelvisFuturisticTrainingBeltBelt,Front
ItemPelvisFuturisticTrainingBeltDisplay,Screen
ItemPelvisFuturisticTrainingBeltLock,Lock
ItemPelvisFuturisticTrainingBeltMesh,Body
ItemPelvisFuturisticTrainingBeltMesh2,Padding
ItemPelvisHeavyDutyBeltCage,Cage
ItemPelvisHeavyDutyBeltMetalBelt,Belt
ItemPelvisHeavyDutyBeltMetalShield,Shield
ItemPelvisHeavyDutyBeltRotorstickPenis,Brush sticks
ItemPelvisHeavyDutyBeltRotortipPenis,Brushes
ItemPelvisHeavyDutyBeltRubberBelt,Belt
ItemPelvisHeavyDutyBeltSpreaderclips,Spreader Clips
ItemPelvisHeavyDutyBeltSpreaderstraps,Spreader Straps
ItemPelvisHeavyDutyBeltTransparentShield,Transparent Shield
ItemPelvisHipHarnessMain,Main
ItemPelvisHipHarnessBelt1,Upper belt
ItemPelvisHipHarnessBelt2,Center strap
ItemPelvisHipHarnessBelt3,Leg straps
ItemPelvisHipHarnessMetal,Metal
ItemPelvisHipHarnessLock,Padlocks
ItemPelvisHybridChastityBeltBelt,Belt
ItemPelvisHybridChastityBeltCrotchPlate,Crotch Plate
ItemPelvisHybridChastityBeltLock,Lock
ItemPelvisHybridChastityBeltRivets,Rivets
ItemPelvisLeatherChastityBeltBelt,Belt
ItemPelvisLeatherChastityBeltLocks,Locks
ItemPelvisLeatherChastityBeltStuds,Studs
ItemPelvisLoveChastityBeltLock,Lock
ItemPelvisLoveChastityBeltOpen,Metal Band
ItemPelvisLoveChastityBeltVibe,Attachment
ItemPelvisMetalChastityBeltBelt,Belt
ItemPelvisMetalChastityBeltLock,Lock
ItemPelvisModularChastityBeltInvisibleBeltLock,Body
ItemPelvisModularChastityBeltInvisibleBeltLockPipe,Shackle
ItemPelvisModularChastityBeltInvisibleBeltMetal,Belt
ItemPelvisModularChastityBeltInvisibleBeltRubber,Rubber
ItemPelvisModularChastityBeltInvisibleBeltShieldV,Small Shield
ItemPelvisModularChastityBeltInvisibleShieldOpenMetal,Big Shield
ItemPelvisObedienceBeltBase,Base
ItemPelvisObedienceBeltCrotchShield,Crotch Shield
ItemPelvisObedienceBeltNegativeWire,Negative Wire
ItemPelvisObedienceBeltPositiveWire,Positive Wire
ItemPelvisObedienceBeltText,Engraving
ItemPelvisObedienceBeltTrim,Trim
ItemPelvisOrnateChastityBeltBelt,Belt
ItemPelvisOrnateChastityBeltGems,Gems
ItemPelvisPoofyDiaperBase,Diaper
ItemPelvisPoofyDiaperCrotchPatch,Crotch Padding
ItemPelvisPoofyDiaperFrills,Frills
ItemPelvisPoofyDiaperTape,Tape
ItemPelvisPoofyDiaperGradient,Gradient
ItemPelvisPortalPantiesBase,Latex
ItemPelvisPortalPantiesGlowTubes,LED
ItemPelvisPortalPantiesMetalHex,Hex
ItemPelvisPortalPantiesShield,Portal Unit
ItemPelvisPortalPantiesTubes,Tubes
ItemPelvisSciFiPleasurePantiesBand,Metal Band
ItemPelvisSciFiPleasurePantiesLock,Lock Icon
ItemPelvisSciFiPleasurePantiesMesh1,Wires
ItemPelvisSciFiPleasurePantiesMesh2,Panty Base
ItemPelvisSciFiPleasurePantiesPlug1,Clitoris Toy
ItemPelvisSciFiPleasurePantiesPlug2,Pussy Toy
ItemPelvisSciFiPleasurePantiesScreen,Interface
ItemPelvisWaistLegHarnessBeltsA,Waist belt
ItemPelvisWaistLegHarnessBeltsA2,Waist belt detail
ItemPelvisWaistLegHarnessMetalA,Waist metal
ItemPelvisWaistLegHarnessBeltsB,Leg straps
ItemPelvisWaistLegHarnessMetalB,Leg straps metal
ItemPelvisWaistLegHarnessBeltsC,Harness belts
ItemPelvisWaistLegHarnessMetalC,Harness belts metal
ItemPelvisWaistLegHarnessLinkStrap,Link leg strap
ItemPelvisWaistLegHarnessLinkMetal,Link strap metal
ItemPelvisWaistLegHarnessBeltAccA,Strap accessory A
ItemPelvisWaistLegHarnessAccMetalA,Strap accessory metal A
ItemPelvisWaistLegHarnessBeltAccB,Strap accessory B
ItemPelvisWaistLegHarnessAccMetalB,Strap accessory metal B
ItemPelvisWaistLegHarnessStrapBelt,Strap On support
ItemPelvisWaistLegHarnessStrapBMetal,Strap On metal support
ItemPelvisWaistLegHarnessStrapDildo,Strap On dildo
ItemPelvisWaistLegHarnessChastity,Chastity belt base
ItemPelvisWaistLegHarnessChastityMetal,Chastity metal base parts
ItemPelvisWaistLegHarnessChastityClosed,Chastity metal cover
ItemPelvisWaistLegHarnessChastityClMetal,Chastity cover bolts
ItemPelvisWaistLegHarnessBeltVib,Vibrator strap support
ItemPelvisWaistLegHarnessBeltVibMetal,Vibrator metal part support
ItemPelvisWaistLegHarnessVibTop,Vibrator head
ItemPelvisWaistLegHarnessVibBelow,Vibrator body
ItemPelvisLatexDiaperBase,Latex
ItemPelvisLatexDiaperShine,Shine
ItemPelvisLatexDiaperGradient,Gradient
ItemPelvisUntrainersThinBase,Base
ItemPelvisUntrainersThinBack,Back
ItemPelvisUntrainersThinMiddle,Middle
ItemPelvisUntrainersThinTabs,Tabs
ItemPelvisUntrainersThinWet,Wet
ItemPelvisUntrainersThinIndicator,Indicator
ItemTorso2ClassicLatexCorsetBelt,Belt
ItemTorso2ClassicLatexCorsetBuckles,Buckles
ItemTorso2ClassicLatexCorsetCorset,Corset
ItemTorso2FuturisticHarnessBand,Straps
ItemTorso2FuturisticHarnessDisplay,Display
ItemTorso2FuturisticHarnessLock,Lock
ItemTorso2FuturisticHarnessMesh,Module
ItemTorso2HighSecurityHarnessClampsHarness,Clasps
ItemTorso2HighSecurityHarnessStrapsHarness,Straps
ItemTorso2LeatherChestHarness1Ring,Ring
ItemTorso2LeatherChestHarness1Straps,Straps
ItemTorso2NavelBar1Chain,Chain
ItemTorso2NavelBar1Jewel,Jewel
ItemTorso2NavelBar1Main,Bar
ItemTorso2ThinLeatherStrapsBuckle,Buckle
ItemTorso2ThinLeatherStrapsLocks,Lock
ItemTorso2ThinLeatherStrapsStrap,Straps
ItemTorsoBarrelCorsetUpper,Corset
ItemTorsoBarrelCorsetBellyB,Belly belt
ItemTorsoBarrelCorsetBellyM,Belly belt metal
ItemTorsoBarrelCorsetBellyLock,Belly belt padlock
ItemTorsoBarrelCorsetLegB,Legs belts
ItemTorsoBarrelCorsetLegM,Legs belts metal
ItemTorsoBarrelCorsetLegLock,Legs belts padlocks
ItemTorsoBarrelCorsetNeck,Corset collar
ItemTorsoBarrelCorsetNeckB,Collar link belts
ItemTorsoBarrelCorsetNeckM,Collar link metal
ItemTorsoClassicLatexCorsetBelt,Belt
ItemTorsoClassicLatexCorsetBuckles,Buckles
ItemTorsoClassicLatexCorsetCorset,Corset
ItemTorsoFuturisticHarnessBand,Straps
ItemTorsoFuturisticHarnessDisplay,Display
ItemTorsoFuturisticHarnessLock,Lock
ItemTorsoFuturisticHarnessMesh,Module
ItemTorsoHighSecurityHarnessClampsHarness,Clasps
ItemTorsoHighSecurityHarnessStrapsHarness,Straps
ItemTorsoLeatherChestHarness1Ring,Ring
ItemTorsoLeatherChestHarness1Straps,Straps
ItemTorsoNavelBar1Chain,Chain
ItemTorsoNavelBar1Jewel,Jewel
ItemTorsoNavelBar1Main,Bar
ItemTorsoSteelBeltBelt,Belt
ItemTorsoSteelBeltBDetail,Belt locks
ItemTorsoSteelBeltLock,Padlocks
ItemTorsoSteelBeltHandcuffs,Fist Handcuffs
ItemTorsoSteelBeltHandcuffs2,Arm Handcuffs
ItemTorsoStuddedHarnessHarness,Harness
ItemTorsoStuddedHarnessMetal,Metal
ItemTorsoThinLeatherStrapsBuckle,Buckle
ItemTorsoThinLeatherStrapsLocks,Lock
ItemTorsoThinLeatherStrapsStrap,Straps
ItemTorsoShinyLeotardLockLatex,Base
ItemTorsoShinyLeotardLockShine,Shine
ItemTorsoExtremeCorsetMain,Main
ItemTorsoExtremeCorsetHighlights,Highlights
ItemTorsoExtremeCorsetBuckles,Buckles
ItemVulvaBasicCockringCockRing,Cock Ring
ItemVulvaBasicCockringPenis,Penis
ItemVulvaLockingCockringBase,Base Ring
ItemVulvaLockingCockringPenis,Penis
ItemVulvaLockingCockringFront,Top Ring
ItemVulvaLockingCockringPin,Lock Pin
ItemVulvaChastityPouchBelt,Belt
ItemVulvaChastityPouchBuckle,Buckle
ItemVulvaChastityPouchLace,Lace
ItemVulvaChastityPouchLock,Lock
ItemVulvaChastityPouchPouch,Pouch
ItemVulvaFlatChastityCageCage,Cage
ItemVulvaFlatChastityCageLock,Lock
ItemVulvaFuturisticVibratorBand,Body
ItemVulvaFuturisticVibratorDisplay,Display
ItemVulvaFuturisticVibratorLock,Lock
ItemVulvaHempRopeBeltRope,Rope
ItemVulvaHempRopeBeltWand,Wand
ItemVulvaInflatableVibratingPantiesBase,Base
ItemVulvaInflatableVibratingPantiesBelt,Belt
ItemVulvaInflatableVibratingPantiesLock,Lock
ItemVulvaInflatableVibratingPantiesValve,Valve
ItemVulvaInflatableVibratingPantiesVibe,Butterfly Vibe
ItemVulvaFullCasingCageCage,Cage
ItemVulvaFullCasingCageRing,Ring
ItemVulvaFullCasingCageFace,Face
ItemVulvaFullCasingCageEars,Ears
ItemVulvaFullCasingCageMouth,Mouth
ItemVulvaLatexNulgeBase,Base
ItemVulvaLatexNulgeHeart,Heart
ItemVulvaLatexNulgeLock,Lock
ItemVulvaLatexNulgeShine,Shine
ItemVulvaBallspreaderCageRing,Metal
ItemVulvaBallspreaderPenis,Penis
ItemVulvaBallspreaderLock,Lock
ItemVulvaMysteryBoxRibbons,Ribbons
ItemVulvaMysteryBoxRibbons2,Ribbons
ItemVulvaMysteryBoxBox,Box
ItemVulvaMysteryBoxBox2,Box
ItemVulvaPiercingsClitRingLeash,Leash
ItemVulvaPiercingsClitRingRing,Ring
ItemVulvaPiercingsRoundClitPiercingBell,Bell
ItemVulvaPiercingsRoundClitPiercingChain,Chain
ItemVulvaPiercingsRoundClitPiercingHaremChain,Harem Chain
ItemVulvaPiercingsRoundClitPiercingHaremVeil,Harem Veil
ItemVulvaPiercingsRoundClitPiercingRing,Ring
ItemVulvaPiercingsRoundClitPiercingWeight,Weight
ItemVulvaPiercingsUrethralSoundSound,Sound
ItemVulvaPiercingsUrethralSoundShine,Shine
ItemVulvaPiercingsTapedClitEggEgg,Egg
ItemVulvaPiercingsTapedClitEggTape,Tape
ItemVulvaPiercingsVibeEggGlansEgg,Vibe Egg
ItemVulvaPiercingsVibeEggGlansStrap,Strap
ItemVulvaPiercingsVibeHeartClitPiercingHeart,Heart
ItemVulvaPiercingsVibeHeartClitPiercingRing,Ring
ItemVulvaPiercingsCockRingLeashBase,Ring
ItemVulvaPiercingsCockRingLeashLeash,Leash
ItemVulvaPiercingsCockRingLeashHandle,Handle
ItemVulvaPiercingsCockRingLeashLock,Lock
ItemVulvaPlasticChastityCage1Cage,Cage
ItemVulvaPlasticChastityCage1Lock,Lock
ItemVulvaPlasticChastityCage1Penis,Penis
ItemVulvaPlasticChastityCage1Ring,Ring
ItemVulvaPlasticChastityCage2Cage,Cage
ItemVulvaPlasticChastityCage2Lock,Lock
ItemVulvaPlasticChastityCage2Penis,Penis
ItemVulvaPlasticChastityCage2Ring,Ring
ItemVulvaStitchesThread,Thread
ItemVulvaTechnoChastityCageCage,Cage
ItemVulvaTechnoChastityCageLock,Lock Icon
ItemVulvaTechnoChastityCageRing,Ring
ItemVulvaUsedCondomCondom,Condom
ItemVulvaUsedCondomDrip,Drip
ItemVulvaVibeEggPenisBaseEgg,Vibe Egg
ItemVulvaVibeEggPenisBaseStrap,Strap
ItemVulvaVibratingDildoDildo,Dildo
ItemVulvaVibratingDildoEnd,End
ItemVulvaWandBeltBelt,Belt
ItemVulvaWandBeltWand,Wand
ItemVulvaWiredEggRemote,Remote
ItemVulvaWiredEggStrap,Strap
JewelryJewelrySetEarHoopLeft,Ears
JewelryJewelrySetFaceDermalLeft,Face
JewelryJewelrySetSeptumRing1,Nose
AnkletLeftLegFurAnkle,Fur Ankle
AnkletLeftLegFurKnee,Fur Knee
HandAccessoryLeftClawsColor,Color
HandAccessoryLeftClawsOutline,Outline
HandAccessoryLeftFingernailsColor,Color
HandAccessoryLeftFingernailsOutline,Outline
HandAccessoryLeftRingsHonorBase,Honor Ring
HandAccessoryLeftRingsHonorJewels,Honor Ring Jewels
HandAccessoryLeftRingsIndexSteel,Index Ring
HandAccessoryLeftRingsMiddleSteel,Middle Finger Ring
HandAccessoryLeftRingsPinkieSteel,Pinkie Ring
HandAccessoryLeftRingsRingSteel,Ring Finger Ring
HandAccessoryLeftRingsThumbSteel,Thumb Ring
HandAccessoryLeftRingsWedding,Wedding Ring
HandAccessoryLeftRingsFingernailsColor,Nails Color
HandAccessoryLeftRingsFingernailsOutline,Nails Outline
HandAccessoryLeftRingsClawsColor,Claws Color
HandAccessoryLeftRingsClawsOutline,Claws Outline
MaskAnimeLensesLeftEyelids,Left Eyelids
MaskAnimeLensesLeftIris,Left Lens
MaskAnimeLensesRightEyelids,Right Eyelids
MaskAnimeLensesRightIris,Right Lens
MaskDroneMaskBarcode,Pattern
MaskDroneMaskBase,Mask
MaskDroneMaskEyeRegular,Eyes
MaskDroneMaskMouthOnahole,Mouth
MaskDroneMaskShine,Shine
MaskFaceVeilFabric,Fabric
MaskFaceVeilString,String
MaskFestivalFoxMaskBase,Base
MaskFestivalFoxMaskEyeLeft,Left Eye
MaskFestivalFoxMaskEyeRight,Right Eye
MaskFestivalFoxMaskMarkings,Markings
MaskFoxMaskLower,Lower
MaskFoxMaskUpper,Upper
MaskGlitterFreckles,Color One
MaskGlitterFreckles2,Color Two
MaskHeadHarnessBase,Harness
MaskHeadHarnessBaseMetal,Metal
MaskKittyMask3Highlights,Highlights
MaskKittyMask3Mask,Mask
MaskLatexMuzzleMaskBase,Mask
MaskLatexMuzzleMaskBaseShine,Mask Shine
MaskMedicalMaskInner,Inner
MaskMedicalMaskOuter,Outer
MaskPetNoseCheeks,Cheeks
MaskPetNoseGloss,Nose Gloss
MaskPetNoseNose,Nose
MaskPetNoseWhiskers,Whiskers
MaskSwimCapCap,Cap
MaskSwimCapStripes1,Pattern
MaskEldritchMaskBase,Base
MaskEldritchMaskEyes,Eyes
MaskDemonMaskBase,Base
MaskDemonMaskEyes,Eyes
MaskDemonMaskHorns,Horns
MaskDemonMaskLight,Light
MaskDemonMaskShine,Shine
MaskAngelMaskBase,Base
MaskAngelMaskHalo,Halo
MaskAngelMaskMetal,Metal
MaskAngelMaskLight,Light
MaskAngelMaskShine,Shine
MaskNecromancerHelmetBase,Base
MaskNecromancerHelmetCloth,Cloth
MaskNecromancerHelmetCrown,Crown
MaskNecromancerHelmetEyes,Eyes
MaskNecromancerHelmetGems,Gems
MaskNecromancerHelmetShine,Shine
MouthFullLips,Lips
MouthFullRingMiddle,Piercings
MouthRegularLips,Lips
MouthRegularRingMiddle,Piercings
NecklaceAnimeGirlNecklaceNecklace,Necklace
NecklaceAnimeGirlNecklaceDetail1,Star
NecklaceAnimeGirlNecklaceDetail2,Jewel
NecklaceBeadNecklaceBase,Pendant
NecklaceBeadNecklaceShine,Pendant
NecklaceBeadNecklaceBeadChain,Beads
NecklaceBeadNecklaceBeadChainShine,Bead Shine
NecklaceBeadNecklaceLinkBase,Pendant Link
NecklaceBeadNecklaceLinkShine,Pendant Link
NecklaceBeadNecklaceEyeBottom,Sclera
NecklaceBeadNecklaceEyeMiddle,Iris
NecklaceBeadNecklaceEyeFront,Pupil
NecklaceBeadNecklaceEyeShine,Eye
NecklaceBeadNecklaceDragon,Dragon
NecklaceBeadNecklaceOrbBase,Dragon Orb
NecklaceBeadNecklaceOrbShine,Dragon Orb
NecklaceBodyChainNecklaceChains,Chains
NecklaceBodyChainNecklaceChoker,Choker
NecklaceEldritchNecklaceBase,Necklace
NecklaceEldritchNecklaceEye,Eye
NecklaceElegantHeartNecklaceJewels,Jewels
NecklaceElegantHeartNecklaceNecklace,Necklace
NecklaceFlowerGarlandCenter,Center
NecklaceFlowerGarlandPetals,Petals
NecklaceIDCardCard,Card
NecklaceIDCardString,Lanyard
NecklaceNecklaceBallGagBall,Ball
NecklaceNecklaceBallGagStrap,Strap
NecklaceNecklaceButterflyMetal,Metal
NecklaceNecklaceButterflyStones,Jewels
NecklaceNecklaceKeyChain,Chain
NecklaceNecklaceKeyKey,Key
NecklaceNecklaceLockChain,Chain
NecklaceNecklaceLockLock,Lock
NecklacePearlNecklace1Option1,Normal
NecklacePearlNecklace1Option2,Long
NecklacePearlNecklace1Option3,Choker
NecklacePlantNecklaceVines,Vines
NecklacePlantNecklaceLeaf,Leaves
NecklacePlantNecklaceBud,Flower Bud
NecklaceNecklaceRoseBallGagRose,Rose
NecklaceNecklaceRoseBallGagMetal,Metal
NecklaceNecklaceRoseBallGagStraps,Straps
NecklaceRosePendantMetal,Metal
NecklaceRosePendantPetals,Petals
PantiesBoxerShortsShorts,Shorts
PantiesBoxerShortsWaistband,Waist Band
PantiesBriefsBands,Bands
PantiesBriefsShorts,Shorts
PantiesBulkyDiaperBase,Diaper
PantiesBulkyDiaperCrotchPiece,Crotch Padding
PantiesBulkyDiaperTape,Tape
PantiesBulkyDiaperWaistBand,Waist Band
PantiesBulkyDiaperGradient,Gradient
PantiesCockSockBase,Cock Sock
PantiesCockSockBow,Bow
PantiesCockSockStripes,Stripes
PantiesDiapers1Base,Diaper
PantiesDiapers1Gradient,Gradient
PantiesDiapers2Cover,Plastic Cover
PantiesDiapers2Diaper,Diaper
PantiesDiapers2Gradient,Gradient
PantiesDiapers3Base,Diaper
PantiesDiapers3Gradient,Gradient
PantiesDiapers4Diaper,Diaper
PantiesDiapers4Gradient,Gradient
PantiesDiapers4Pattern,Pattern
PantiesDiapers4Tape,Tape
PantiesFloralPanties2Base,Base
PantiesFloralPanties2Flowers,Pattern
PantiesFlowerPantiesFlowers,Flowers
PantiesFlowerPantiesPanties,Panties
PantiesJockstrapBulge,Bulge
PantiesJockstrapHolemesh,Holemesh
PantiesJockstrapSidestraps,Side Straps
PantiesJockstrapWaistband,Waistband
PantiesMaidPanties2Frills,Frills
PantiesMaidPanties2Panties,Panties
PantiesMaleCatsuitPantiesBase,Catsuit Panties
PantiesMaleCatsuitPantiesLock,Lock Icon
PantiesPearlStrapPantiesMetalRing,Metal Ring
PantiesPearlStrapPantiesPearl,Pearl
PantiesPearlStrapPantiesStrap,Strap
PantiesPilotPantiesLayer1,Suit
PantiesPilotPantiesLayer2,Highlights
PantiesPilotPantiesLayer3,Center
PantiesSportPantiesBase,Base
PantiesSportPantiesTrim,Trim
PantiesSportPantiesWaist,Waist
PantiesPoofyDiaperBase,Diaper
PantiesPoofyDiaperCrotchPatch,Crotch Padding
PantiesPoofyDiaperFrills,Frills
PantiesPoofyDiaperTape,Tape
PantiesPoofyDiaperGradient,Gradient
PantiesPullDownPantiesPose1,Normal
PantiesPullDownPantiesPose2,Pulled
PantiesPullDownPantiesPose3,Exposed
PantiesPullDownPantiesPose4,Thighs
PantiesPullDownPantiesPose5,Knees
PantiesPullDownPantiesPose6,Ankles
PantiesRedBowPantiesBow,Bow
PantiesRedBowPantiesPanties,Panties
PantiesWaistLegHarnessBeltsA,Waist belt
PantiesWaistLegHarnessBeltsA2,Waist detail parts
PantiesWaistLegHarnessMetalA,Waist metal parts
PantiesWaistLegHarnessBeltsB,Leg belts
PantiesWaistLegHarnessMetalB,Leg metal parts
PantiesWaistLegHarnessBeltsC,Link belts
PantiesWaistLegHarnessMetalC,Link metal parts
PantiesLatexDiaperBase,Latex
PantiesLatexDiaperShine,Shine
PantiesLatexDiaperGradient,Gradient
PantiesUntrainersThinBase,Base
PantiesUntrainersThinBack,Back
PantiesUntrainersThinMiddle,Middle
PantiesUntrainersThinTabs,Tabs
PantiesUntrainersThinWet,Wet
PantiesUntrainersThinIndicator,Indicator
AnkletRightLegFurAnkle,Fur Ankle
AnkletRightLegFurKnee,Fur Knee
HandAccessoryRightClawsColor,Color
HandAccessoryRightClawsOutline,Outline
HandAccessoryRightFingernailsColor,Color
HandAccessoryRightFingernailsOutline,Outline
HandAccessoryRightRingsHonorBase,Honor Ring
HandAccessoryRightRingsHonorJewels,Honor Ring Jewels
HandAccessoryRightRingsIndexSteel,Index Ring
HandAccessoryRightRingsMiddleSteel,Middle Finger Ring
HandAccessoryRightRingsPinkieSteel,Pinkie Ring
HandAccessoryRightRingsRingSteel,Ring Finger Ring
HandAccessoryRightRingsThumbSteel,Thumb Ring
HandAccessoryRightRingsWedding,Wedding Ring
HandAccessoryRightRingsFingernailsColor,Nails Color
HandAccessoryRightRingsFingernailsOutline,Nails Outline
HandAccessoryRightRingsClawsColor,Claws Color
HandAccessoryRightRingsClawsOutline,Claws Outline
ShoesAnimeGirlBootsBoots,Boots
ShoesAnimeGirlBootsDetail,Top Stripe
ShoesAnkleBoots1Laces,Laces
ShoesAnkleBoots1Shoes,Boots
ShoesAnkleBoots1Sides,Edging
ShoesBoots1Laces,Laces
ShoesBoots1Shoes,Inner
ShoesBoots1Sides,Outer
ShoesClogsMain,Boot
ShoesClogsSole,Sole
ShoesCombatBootsLaces,Laces
ShoesCombatBootsSoles,Soles
ShoesCombatBootsEyelets,Eyelets
ShoesCombatBootsBoots,Boots
ShoesCustomHeelsMain,Shoes
ShoesCustomHeelsHeels,Heels
ShoesCustomHeelsStrap1,Ankle Straps
ShoesCustomHeelsStrap2,Mid Straps
ShoesCustomHeelsStrap3,Lower Straps
ShoesDeluxeBootsBoots,Outer
ShoesDeluxeBootsBuckles,Buckles
ShoesDeluxeBootsHeels,Heels
ShoesDeluxeBootsLaces,Inner & Laces
ShoesDeluxeBootsStraps,Straps
ShoesDutyShoesMain,Main
ShoesDutyShoesRear,Rear
ShoesFlippersFins,Fins
ShoesFlippersShoes,Shoes
ShoesFuturisticHeels2Cuffs,Cuffs
ShoesFuturisticHeels2Lock,Lock
ShoesFuturisticHeels2Mesh,Body
ShoesFuturisticHeels2Shine,Shine
ShoesFuturisticHeels2Soles,Heels
ShoesFuturisticHeels2Trim,Trim
ShoesFuzzyBootsBoots,Boots
ShoesFuzzyBootsFur,Fur
ShoesFuzzyBootsHeels,Heels
ShoesGetaDai,Dai
ShoesGetaHanao,Hanao
ShoesHeellessHoofHoof,Shoes
ShoesHeellessHoofPadlock,Cosmetic padlocks
ShoesHoofBootsBoots,Boots
ShoesHoofBootsStraps,Straps
ShoesHoofBootsSBuckles,Straps buckles
ShoesHoofBootsLock,Padlocks
ShoesIndoorSlippersMain,Body
ShoesIndoorSlippersDetail,Details
ShoesLatexHeelsBase,Shoe
ShoesLatexHeelsTrim,Trim
ShoesMaryShoesMain,Main
ShoesMaryShoesRear,Rear
ShoesPumpHighHeelsMain,Shoes
ShoesPumpHighHeelsStrap,Straps
ShoesPumpHighHeelsSMetal,Metal buckles
ShoesSandalsRSSoles,Soles
ShoesSandalsRSTop,Top
ShoesSneakers1Front,Front
ShoesSneakers1Laces,Laces
ShoesSneakers1Main,Main
ShoesSneakers2Laces,Laces
ShoesSneakers2Shoes,Shoes
ShoesSneakersSportFront,Edging
ShoesSneakersSportLaces,Laces
ShoesSneakersSportMain,Main
ShoesSocialHeelsMain,Main
ShoesSocialHeelsRear,Rear
ShoesStilettoHeelsCenter,Center
ShoesStilettoHeelsHeels,Heels
ShoesStilettoHeelsRounded,Round Base
ShoesStilettoHeelsSole,Sole
ShoesStilettoHeelsTop,Base
ShoesTallerBootsBelt,Leather Belt
ShoesTallerBootsBoots,Leather Boots
ShoesTallerBootsMetal,Chains Details
ShoesThighBootsBand,Band
ShoesThighBootsBase,Boot
ShoesThighBootsThigh,Sock
ShoesToeNailsLeft1,Left
ShoesToeNailsRight1,Right
ShoesWitchShoesShoes,Main
ShoesWitchShoesToes,Front detail
ShoesWitchShoesBelt,Straps
ShoesWitchShoesBuckle,Buckles
ShoesZipperLeatherBootsBaseLeft,Base (Left)
ShoesZipperLeatherBootsBaseRight,Base (Right)
ShoesZipperLeatherBootsOpenLeft,Open (Left)
ShoesZipperLeatherBootsOpenRight,Open (Right)
SocksGradientPantyhoseLower,Lower
SocksGradientPantyhoseUpper,Upper
SocksHaremStockingsBands,Bands
SocksHaremStockingsFabric,Fabric
SocksKneePadsBody,Body
SocksKneePadsGuards,Guards
SocksNetSocksLowerNet,Lower Net
SocksNetSocksLowerPattern,Lower Pattern
SocksNetSocksLowerSocks,Lower Socks
SocksNetSocksUpperNet,Upper Net
SocksNetSocksUpperPattern,Upper Pattern
SocksNetSocksUpperSocks,Upper Socks
SocksNetSocksWaistline,Waistline
SocksYuletideVelvetWarmthSock,Sock
SocksYuletideVelvetWarmthSock,Fuzz
SocksRippedPantyhoseBaseUpper,Upper
SocksRippedPantyhoseBaseLower,Lower
SocksLeftGradientPantyhoseLower,Lower
SocksLeftGradientPantyhoseUpper,Upper
SocksLeftHaremStockingsBands,Bands
SocksLeftHaremStockingsFabric,Fabric
SocksLeftKneePadsBody,Body
SocksLeftKneePadsGuards,Guard
SocksLeftLooseSocks,Left Sock
SocksLeftSocks6Frill,Trim
SocksLeftSocks6Sock,Sock
SocksLeftSocksFurFabric,Sock
SocksLeftSocksFurFur,Fur
SocksLeftSocksStriped1Dark,Dark Stripes
SocksLeftSocksStriped1Light,Light Stripes
SocksRightGradientPantyhoseLower,Lower
SocksRightGradientPantyhoseUpper,Upper
SocksRightHaremStockingsBands,Bands
SocksRightHaremStockingsFabric,Fabric
SocksRightKneePadsBody,Body
SocksRightKneePadsGuards,Guard
SocksRightLooseSocks,Right Sock
SocksRightSocks6Frill,Trim
SocksRightSocks6Sock,Sock
SocksRightSocksFurFabric,Sock
SocksRightSocksFurFur,Fur
SocksRightSocksStriped1Dark,Dark Stripes
SocksRightSocksStriped1Light,Light Stripes
SocksSocks6Frill,Trim
SocksSocks6Sock,Sock
SocksSocksFurFabric,Sock
SocksSocksFurFur,Fur
SocksSocksStriped1Dark,Dark Stripes
SocksSocksStriped1Light,Light Stripes
SocksYuletideVelvetWarmthFuzz,Fuzz
SuitBartenderVestVest,Vest
SuitBartenderVestButtons,Buttons
SuitBartenderVestMVest,Vest
SuitBartenderVestMButtons,Buttons
SuitCatsuitBase,Suit
SuitCatsuitOpaqueGloves,Gloves
SuitCatsuitZip,Zip
SuitFishnetTop,Fishnet Top
SuitGlossyBodystockingA2,Tummy
SuitGlossyBodystockingA3,Shoulders
SuitGlossyBodystockingA4,Hips
SuitGlossyBodystockingamL,Seams
SuitGlossyBodystockingBaseColor,Base Color
SuitGlossyBodystockingbmask,bmask
SuitGlossyBodystockingbmL,Seams
SuitGlossyBodystockingBodyHue,Body Hue
SuitGlossyBodystockingC1,Neck
SuitGlossyBodystockingC10,Bottom
SuitGlossyBodystockingC11,Belly
SuitGlossyBodystockingC12,Button
SuitGlossyBodystockingC2,Shoulders
SuitGlossyBodystockingC3,Torso
SuitGlossyBodystockingC4,Breast Outer
SuitGlossyBodystockingC5,Breast Middle
SuitGlossyBodystockingC6,Breast Inner
SuitGlossyBodystockingC7,Breast Under
SuitGlossyBodystockingC8,Tummy
SuitGlossyBodystockingC9,Ribs
SuitGlossyBodystockingD1,Lines
SuitGlossyBodystockingD2,Main
SuitGlossyBodystockingD3,Shoulders
SuitGlossyBodystockingD4,Breast
SuitGlossyBodystockingD5,Cleavage
SuitGlossyBodystockingD6,Chest
SuitGlossyBodystockingD7,Support
SuitGlossyBodystockingE1,Gloves
SuitGlossyBodystockingEdgeLine,Edge Line
SuitGlossyBodystockingEdgeShade,Edge Shade
SuitGlossyBodystockingF1,Hands Line
SuitGlossyBodystockingF2,Hands Main
SuitGlossyBodystockingG1,Gloves Line
SuitGlossyBodystockingG2,Gloves Main
SuitGlossyBodystockinggmask,Mask
SuitGlossyBodystockingL,Seams
SuitGlossyBodystockingmmL,Seams
SuitLatexCatsuitBase,Suit
SuitLatexCatsuitPP,Label
SuitLatexCatsuitText,Text
SuitLatexCatsuitZip,Shine
SuitLowerCatsuitBase,Suit
SuitLowerCatsuitZip,Zip
SuitLowerLatexCatsuitBase,Suit
SuitLowerLatexCatsuitPP,Label
SuitLowerLatexCatsuitZip,Shine
SuitLowerMaleCatsuitPantiesBase,Catsuit Panties
SuitLowerMaleCatsuitPantiesLock,Lock Icon
SuitLowerMaleSeamlessCatsuitBase,Catsuit
SuitLowerMaleSeamlessCatsuitLock,Lock Icon
SuitLowerPilotPantiesLayer1,Suit
SuitLowerPilotPantiesLayer2,Highlights
SuitLowerPilotPantiesLayer3,Center
SuitLowerPilotSuitLayer1,Suit
SuitLowerPilotSuitLayer2,Highlights
SuitLowerPilotSuitLayer3,Center
SuitLowerPilotSuitLayer4,Underlayment
SuitLowerSeethroughSuitZipBase,Suit
SuitLowerSeethroughSuitZipZip,Zip
SuitMaleSeamlessCatsuitBase,Catsuit
SuitMaleSeamlessCatsuitOpaqueGloves,Gloves
SuitPilotSuitFeet,Feet
SuitPilotSuitLayer1,Suit
SuitPilotSuitLayer2,Highlights
SuitPilotSuitLayer3,Center
SuitPilotSuitLayer4,Arms
SuitPilotSuitOpaqueGloves,Gloves
SuitReverseBunnySuitOpaqueGloves,Gloves
SuitReverseBunnySuitSuit,Suit
SuitSeamlessCatsuitOpaqueGloves,Gloves
SuitSeamlessCatsuitSuit,Suit
SuitSeethroughSuitOpaqueGloves,Gloves
SuitSeethroughSuitSuit,Suit
SuitSeethroughSuitZipBase,Suit
SuitSeethroughSuitZipOpaqueGloves,Gloves
SuitSeethroughSuitZipZip,Zip
SuitShinyLeotardLatex,Base
SuitShinyLeotardShine,Shine
TailStrapsDragonsTailBase,Base
TailStrapsDragonsTailBaseShine,Base Shine
TailStrapsDragonsTailScales,Scales
TailStrapsDragonsTailScalesShine,Scales Shine
TailStrapsDragonsTailSpikes,Spikes
TailStrapsDragonTailStrap1Primary,Primary
TailStrapsDragonTailStrap1Secondary,Secondary
TailStrapsDragonTailStrap2LeftPrimary,Primary
TailStrapsDragonTailStrap2LeftSecondary,Secondary
TailStrapsDragonTailStrap2RightPrimary,Primary
TailStrapsDragonTailStrap2RightSecondary,Secondary
TailStrapsWolfTailStrap3TL,Tail
TailStrapsKittenTailStrap1TL,Tail
TailStrapsWolfTailStrap3TL,Tail
TailStrapsKittenTailStrap1TL,Tail
TailStrapsFoxTailsStrapBases,Tails
TailStrapsFoxTailsStrapTips,Tips
TailStrapsFoxTailStrapBase_TL,Tail
TailStrapsFoxTailStrapTip_TL,Tip
TailStrapsKitsuneTailStrapsTail1,Tail One
TailStrapsKitsuneTailStrapsTip1,Tip One
TailStrapsKitsuneTailStrapsTail2,Tail Two
TailStrapsKitsuneTailStrapsTip2,Tip Two
TailStrapsKitsuneTailStrapsTail3,Tail Three
TailStrapsKitsuneTailStrapsTip3,Tip Three
TailStrapsKitsuneTailStrapsTail4,Tail Four
TailStrapsKitsuneTailStrapsTip4,Tip Four
TailStrapsKitsuneTailStrapsTail5,Tail Five
TailStrapsKitsuneTailStrapsTip5,Tip Five
TailStrapsKitsuneTailStrapsTail6,Tail Six
TailStrapsKitsuneTailStrapsTip6,Tip Six
TailStrapsKitsuneTailStrapsTail7,Tail Seven
TailStrapsKitsuneTailStrapsTip7,Tip Seven
TailStrapsKitsuneTailStrapsTail8,Tail Eight
TailStrapsKitsuneTailStrapsTip8,Tip Eight
TailStrapsKitsuneTailStrapsTail9,Tail Nine
TailStrapsKitsuneTailStrapsTip9,Tip Nine
TailStrapsKitsuneTailStrapsTail10,Tail Ten
TailStrapsKitsuneTailStrapsTip10,Tip Ten
TailStrapsLionTailStrapPlume,Plume
TailStrapsLionTailStrapTail,Tail
TailStrapsSuccubusHeartTailStrapHeart,Heart
TailStrapsSuccubusHeartTailStrapTail,Tail
TailStrapsTailStrapBell,Bell
TailStrapsTailStrapRibbon,Ribbon
TailStrapsTailStrapTail,Tail
TailStrapsTentaclesInner,Inner
TailStrapsTentaclesOuter,Outer
TailStrapsTentaclesSucker,Suckers
TailStrapsLatexFoxTailBase,Base
TailStrapsLatexFoxTailShineDull,Shine
TailStrapsSkunkTailBase,Base
TailStrapsSkunkTailPattern,Pattern
TailStrapsLargeBushyTail,Tail
WesternBoots,Shoes
WingsBeeWingsBone,Bone
WingsBeeWingsVeins,Veins
WingsBeeWingsWings,Wings
WingsCyberWingsBase,Base
WingsCyberWingsHighlights,Highlights
WingsCyberWingsShade,Shade
WingsPixieWingsVeins,Veins
WingsPixieWingsWings,Wings
WingsSteampunkWingsBase,Base
WingsSteampunkWingsGears,Gears
WingsSteampunkWingsWingFrames,Frame
WingsSteampunkWingsWings,Wings
WingsDragonWingsWebbing,Webbing
WingsDragonWingsSupports,Supports
WingsDragonWingsPoints,Points
WingsDragonWingsBuckles,Binding buckles
WingsDragonWingsStraps,Binding straps
WingsWing1WingBone,Wing Bone
WingsWing1WingMembrane,Wing Membrane
WingsSeraphWingsBase1,Base1
WingsSeraphWingsBase2,Base2
WingsSeraphWingsBase3,Base3
WingsSeraphWingsWingBase1,Wing Base1
WingsSeraphWingsWingBase2,Wing Base2
WingsSeraphWingsWingBase3,Wing Base3
WingsSeraphWingsWingBase4,Wing Base4
WingsSeraphWingsWingBase5,Wing Base5
WingsSeraphWingsWingBase6,Wing Base6
WingsSeraphWingsWingTip1,Wing Tip1
WingsSeraphWingsWingTip2,Wing Tip2
WingsSeraphWingsWingTip3,Wing Tip3
WingsSeraphWingsWingTip4,Wing Tip4
WingsSeraphWingsWingTip5,Wing Tip5
WingsSeraphWingsWingTip6,Wing Tip6
